,ID,Name,Content,MBTI,EI,IO,TF,JP
0,785522824814002176,ioana.ileana,"hey @everyone ici sur sunnyside, j'ai besoin de vous! ...pour entrainer un mod√®le √† reconnaitre les profils MBTI √† partir de phrases *en fran√ßais* du coup tous ceux qui veulent / peuvent faire le test ici: ",INFJ,I,N,F,J
1,271286076688039936,akuboo,INTJ ~~ah mais ca me concerne pas~~,INTJ,I,N,T,J
2,190577761759264768,spicycactus,"INTJ"
3,373908217786269703,lukko_,INTP (de ce qu'on avait dit ? je change si le quiz me donne autre chose),INTP,I,N,T,P
4,691972678365610056,.catsarecute,INTJ,INTJ,I,N,T,J
5,785522824814002176,ioana.ileana,"mais siiii, tant que tu parles ici !!! sur sunny : )",INFJ,I,N,F,J
6,271286076688039936,akuboo,Oh,INTJ,I,N,T,J
7,689466297553256450,yafawra,de t√™te je suis ISTP '-',ISTP,I,S,T,P
8,244457814993403904,honeytotea," dommage, y'a pas encore plus d'accord mmm",INTP,I,N,T,P
9,689466297553256450,yafawra,hahaha je relate un peu trop,ISTP,I,S,T,P
10,244457814993403904,honeytotea,oui,INTP,I,N,T,P
11,785522824814002176,ioana.ileana,pour un mod√®le de classif : ),INFJ,I,N,F,J
12,244457814993403904,honeytotea,je fais QUE de la th√©orie... y'a qu'√† voir mes discussions avec Wassim hein @user,INTP,I,N,T,P
13,373908217786269703,lukko_,Le bot se souvient,INTP,I,N,T,P
14,271286076688039936,akuboo,    Le truc c'est d'avoir 15000 choses √† faire donc les bursts spontan√©s deviennent continus et organis√©s,INTJ,I,N,T,J
15,415111180676366341,john020203,ISFJ,ISFJ,I,S,F,J
16,271286076688039936,akuboo,Et apr√®s quand c'est fini tu regardes dans le vide en ne sachant pas t'occuper,INTJ,I,N,T,J
17,373908217786269703,lukko_,J'en ai beauuuucoup √† faire et c'est plus ma procrastination qui est spontan√©e XD,INTP,I,N,T,P
19,190577761759264768,spicycactus,√áa s'am√©liore en master ü´Ç,INTJ,I,N,T,J
20,244457814993403904,honeytotea, hahaha,INTP,I,N,T,P
21,271286076688039936,akuboo,C'est vrai? ,INTJ,I,N,T,J
22,190577761759264768,spicycactus,Pour moi oui largement car les promos redeviennent petites,INTJ,I,N,T,J
23,271286076688039936,akuboo,"Avec des gens qui, √† priori, sont l√† pour les m√™mes raisons et par int√©r√™ts similaires <a:cute_bunnythink:840682143230722068> Tout le monde est I qqch qu'est-ce que le I veut dire",INTJ,I,N,T,J
24,240509853884219392,ste0rra,INTP-T,INTP,I,N,T,P
25,373908217786269703,lukko_,Pro tip : attendre dans un coin que quelqu'un d'extraverti t'adopte et te pr√©sente √† des gens au fur et √† mesure (cf @user üëÄ),INTP,I,N,T,P
26,245239791942107137,min0w,Istp-T pour moi <,ISTP,I,S,T,P
27,190577761759264768,spicycactus,"Introversion je crois Par exemple, √† P1, les cancres se rejoint dans la classe des apprenties (dont je fais parti) ü¶æ",INTJ,I,N,T,J
28,373908217786269703,lukko_,Sinon il me dit INFP-A mais je me dirais 50/50 entre F et T donc au choix XD,INTP,I,N,T,P
29,161126402861694976,notmoumix,Bonsoir.,ISTJ,I,S,T,J
30,373908217786269703,lukko_,"I c'est introverti, en informatique c'est assez r√©pandu XD",INTP,I,N,T,P
31,161126402861694976,notmoumix,:) ,ISTJ,I,S,T,J
32,785522824814002176,ioana.ileana,ouais j'ai le m√™me pb : )),INFJ,I,N,F,J
33,271286076688039936,akuboo,Tout s'explique,INTJ,I,N,T,J
34,176055615293095936,gm_construct_v1,INFJ-T,INFJ,I,N,F,J
35,244457814993403904,honeytotea,INTP,INTP,I,N,T,P
36,271286076688039936,akuboo, j'espere que le M1 sera comme ca,INTJ,I,N,T,J
37,785522824814002176,ioana.ileana,t'as chang√© de J √† P üëÄ,INFJ,I,N,F,J
38,244457814993403904,honeytotea,visiblement,INTP,I,N,T,P
39,785522824814002176,ioana.ileana,oui c'est √ßa,INFJ,I,N,F,J
40,373908217786269703,lukko_,"Apr√®s en M1 comme t'es en petit groupe c'est plus simple de se familiariser avec les gens, en tant que F (apparemment) je suis en empathie avec toi et te souhaite bonne chance XD",INTP,I,N,T,P
41,785522824814002176,ioana.ileana,je m'√©touffe de rire l√†,INFJ,I,N,F,J
42,1153627438283247706,sarah00021,ENFJ-T,ENFJ,E,N,F,J
43,271286076688039936,akuboo,Omg un E,INTJ,I,N,T,J
44,785522824814002176,ioana.ileana,tout le monde applaudit !!! : ))),INFJ,I,N,F,J
45,373908217786269703,lukko_,:ooo,INTP,I,N,T,P
46,785522824814002176,ioana.ileana,merci @user  !!!,INFJ,I,N,F,J
47,271286076688039936,akuboo,Je pense aussi que la raison actuelle est que je me tape des doubles cursus tout le temps donc j'ai pas le temps pour les gens,INTJ,I,N,T,J
48,785522824814002176,ioana.ileana,"""pas le temps"" ... c'est ce qu'on dit hein : p",INFJ,I,N,F,J
49,271286076688039936,akuboo,C'est vrai j'en aurai plus quand j'aurai les cachets de caf√©ine,INTJ,I,N,T,J
50,161126402861694976,notmoumix,ISTJ-A,ISTJ,I,S,T,J
51,190577761759264768,spicycactus,"J'avais le m√™me soucis en taffant en temps partiel, en tout cas le master c'est une petite promo avec + d'heures ensembles + projets de groupe potentiellement",INTJ,I,N,T,J
52,373908217786269703,lukko_,Je doute du I üëÄ,INTP,I,N,T,P
53,161126402861694976,notmoumix,Mais genre l'environnement de Jussieu ca compte pas üò≠ dans la vie courante je vais vers personne etc,ISTJ,I,S,T,J
54,373908217786269703,lukko_,Un peu quand-m√™me tout le master te conna√Æt x-x,INTP,I,N,T,P
55,161126402861694976,notmoumix,ü§£ Mais humm jsp comment expliquer,ISTJ,I,S,T,J
56,1153624343184687165,rusland0000,Intp-t je fais le test une fois par an depuis genre 10 ans et j'ai toujours le m√™me resultat üôè,INTP,I,N,T,P
57,161126402861694976,notmoumix,c'est sympa donc je parle et je suis plus exterioris√©,ISTJ,I,S,T,J
58,373908217786269703,lukko_,Nah mais tkt je suis une personne empathique je te crois,INTP,I,N,T,P
59,161126402861694976,notmoumix,XD,ISTJ,I,S,T,J
60,271286076688039936,akuboo,Id√©alement ca sera mieux,INTJ,I,N,T,J
61,373908217786269703,lukko_,Je suis P aussi donc je m'adapte √† ces nouvelles informations,INTP,I,N,T,P
62,161126402861694976,notmoumix,c'est pas non plus 0% extraverti,ISTJ,I,S,T,J
63,271286076688039936,akuboo,Tant de codes dans ces lettres,INTJ,I,N,T,J
64,785522824814002176,ioana.ileana,"wow, on a aussi une personne *stable* parmi tous les profile shifters !!! : ))",INFJ,I,N,F,J
65,161126402861694976,notmoumix,ü§£,ISTJ,I,S,T,J
66,689466297553256450,yafawra,(je crois que j'etais √† + de 95% I quand j'avais fait le test...  <:__:835997140102807652> ),ISTP,I,S,T,P
67,373908217786269703,lukko_,Je suis qu'√† 79% introverti mais je mets beaucoup de nuance dans mes r√©ponses donc j'ai tr√®s peu de full d'accord/pas d'accord,INTP,I,N,T,P
68,240509853884219392,ste0rra,Ca fait depuis le coll√®ge que je suis a 96% üíÄ,INTP,I,N,T,P
69,161126402861694976,notmoumix,same,ISTJ,I,S,T,J
70,689466297553256450,yafawra,üò≠üò≠ relatable,ISTP,I,S,T,P
71,240509853884219392,ste0rra,(J‚Äôai refais le test 3x 3x 96),INTP,I,N,T,P
72,190577761759264768,spicycactus,"C'est une faiblesse du Likert Scale, les gens ont tendance √† aller vers le neutre (Non je ne suis pas en train de suer car j'utilise la m√™me chose dans mon m√©moire...)",INTJ,I,N,T,J
73,356125223436681216,omss,INTP-T,INTP,I,N,T,P
74,689466297553256450,yafawra,tbh j'avais pr√©f√©r√© voir exactement ce que signifiaient les lettres et ce que √ßa impliquait etc et en d√©duire mon type sans le test parce que pour pas mal de questions je trouvais que ma r√©ponses n'allaient pas pouvoir √™tre repr√©sentatives :)),ISTP,I,S,T,P
75,161126402861694976,notmoumix,Salut mon pote de personnalit√©,ISTJ,I,S,T,J
76,785522824814002176,ioana.ileana,"t'as des combis en fait, la ""stack"" des fonctions et tt; genre tu peux diff d'une autre personne par une seule lettre mais la ""stack"" change compl√®tement et du coup la diff est importante ! : )",INFJ,I,N,F,J
77,161126402861694976,notmoumix,oui y'a des trucs qui sont ambigu√´ donc je sais pas comment ils vont les interpr√©t√© :(,ISTJ,I,S,T,J
78,785522824814002176,ioana.ileana,spoiler: on va impl√©menter une recherche par compatibilit√© dans le bot : p,INFJ,I,N,F,J
79,161126402861694976,notmoumix,ü§£,ISTJ,I,S,T,J
80,373908217786269703,lukko_,"Ye j'avais fait aussi y'a quelques temps, le probl√®me c'est que je trouve pas que les cat√©gories soient en opposition je me vois facilement dans plusieurs √† la fois, je pense qu'un slider pour chaque serait plus appropri√© que juste une classif binaire",INTP,I,N,T,P
81,785522824814002176,ioana.ileana,√ßa c'est typique des P en effet : p,INFJ,I,N,F,J
82,373908217786269703,lukko_,XDDDD,INTP,I,N,T,P
83,689466297553256450,yafawra,oui la diff√©rence peut √™tre √©norme juste pour une seule lettre :') mais je trouvais qu'au final le d√©duire sans le test donnait un r√©sultat qui correspondait mieux,ISTP,I,S,T,P
84,373908217786269703,lukko_,La meilleure chose de ce test c'est clairement le potentiel de blagues que √ßa apporte,INTP,I,N,T,P
85,161126402861694976,notmoumix,qqun a la correspondances des lettres qqpart ?,ISTJ,I,S,T,J
86,785522824814002176,ioana.ileana,les stack tu veux dire? sinon les lettres elles-m√™mes tu les as sur le site il nous faut plus de E @user !!! @user t'es pas E toi par hasard? : )),INFJ,I,N,F,J
88,356125223436681216,omss,on est pareil,INTP,I,N,T,P
89,373908217786269703,lukko_,Y'a beaucoup de -T quand-m√™me :o,INTP,I,N,T,P
90,689466297553256450,yafawra,"oui pareil :)) mais apr√®s comme disait Ioana, le stack change √©norm√©ment au final. Je sais que perso entre S et N je me retrouve pas mal dans les 2, mais au final je suis clairement bcpppp + ISTP que INTP",ISTP,I,S,T,P
91,785522824814002176,ioana.ileana,"good, car √ßa grouille d'INTP par ici : p faut de la diversit√© dans mon dataset : p",INFJ,I,N,F,J
92,689466297553256450,yafawra,j'ai remarqu√© √ßa haha,ISTP,I,S,T,P
93,161126402861694976,notmoumix,Merci j'avais trouv√© üëÄ,ISTJ,I,S,T,J
94,373908217786269703,lukko_,"Hmmm certes, apr√®s entre T et F je sais clairement pas du tout",INTP,I,N,T,P
95,785522824814002176,ioana.ileana,"@user quel est ton profil MBTI? @user ? @user ? please do, des fois que tu en ressors E-qque chose : )",INFJ,I,N,F,J
96,934713343720165437,labrique_,INFP,INFP,I,N,F,P
97,785522824814002176,ioana.ileana,pt√™tre aussi @user en RSA? : )),INFJ,I,N,F,J
98,691972678365610056,.catsarecute,On a eu un beau trio INTJ en haut et apr√®s plus du tout x),INTJ,I,N,T,J
99,785522824814002176,ioana.ileana,c'est que Hugo est un type-shifter,INFJ,I,N,F,J
100,190577761759264768,spicycactus,dans ma promo en M1 on a tous pass√© le test et de souvenir sur 27 on avait ptet 5 E ü´°,INTJ,I,N,T,J
101,161126402861694976,notmoumix,Rarissime les E en Info ü§£,ISTJ,I,S,T,J
102,785522824814002176,ioana.ileana,@user quel est ton profil MBTI? : ) non juste le test ! : p (et merciii : ) ),INFJ,I,N,F,J
103,190577761759264768,spicycactus,Le plus dr√¥le c'est que je trouve que √ßa se ressent pas forc√©ment au travail üòÇ,INTJ,I,N,T,J
104,689466297553256450,yafawra,||hmm @user Isma√´l aura un E peut etre?  ||,ISTP,I,S,T,P
105,785522824814002176,ioana.ileana,je me suis pos√© cte question ... j'ai h√©sit√©... et h√©sit√© .... @user quel est ton profil MBTI? : ),INFJ,I,N,F,J
106,689466297553256450,yafawra,pareil üò≠ mais au moins *je me pose la question*,ISTP,I,S,T,P
107,785522824814002176,ioana.ileana,"il doit √™tre un 50% 50% : )) faut me voir scroll ds la liste des memmbres en mode ""E? non!"" ""lui non plus"" ""s√ªrement pas"" ...  : ))",INFJ,I,N,F,J
108,689466297553256450,yafawra,mhh oui je l'imagine aussi comme √ßa :'),ISTP,I,S,T,P
109,244457814993403904,honeytotea,je suis entre les deux selon mon humeur je suis l'un o√π l'autre,INTP,I,N,T,P
110,689466297553256450,yafawra,on essaie de les d√©nicher comme on peut üò≠,ISTP,I,S,T,P
111,161126402861694976,notmoumix,Apr√®s parler avec les autres ca veut pas dire extra verti c'est plus est ce que tu as plus d'energie quand tu es avec un groupe de gens,ISTJ,I,S,T,J
112,785522824814002176,ioana.ileana,@user aussi @user aussi,INFJ,I,N,F,J
113,244457814993403904,honeytotea,mais ce que je fais tous les jours est surement plus dans ce que j'ai ajd,INTP,I,N,T,P
114,785522824814002176,ioana.ileana,c'est vrai √ßa,INFJ,I,N,F,J
115,161126402861694976,notmoumix,y'a un autre biais pour le E Ils sont pas sur discord,ISTJ,I,S,T,J
116,785522824814002176,ioana.ileana,certainement pas ici je suis all√©e √† la p√™che sur un srv √©co-g√© @user tu veux pas invit des gens ici? : )),INFJ,I,N,F,J
117,373908217786269703,lukko_,Ils sont trop occup√©s √† parler √† des gens pour check leurs mentions discord,INTP,I,N,T,P
118,161126402861694976,notmoumix,Oui Un vendredi soir ils sont pas chez eux ü§£,ISTJ,I,S,T,J
119,785522824814002176,ioana.ileana,ü§£ ü§£  excellente observation bon bah on va faire de la classif de I alors (sry @user et @user ),INFJ,I,N,F,J
120,373908217786269703,lukko_,C'est un S en m√™me temps,INTP,I,N,T,P
121,785522824814002176,ioana.ileana,"bon, en tt cas j'ai chop√© des labels per user et aussi tout plein de texte yaaaaaay",INFJ,I,N,F,J
122,373908217786269703,lukko_,:ooo nice,INTP,I,N,T,P
123,785522824814002176,ioana.ileana,@user par contre ... : ),INFJ,I,N,F,J
124,280821290472833025,willstiti,ENFP-T,ENFP,E,N,F,P
125,785522824814002176,ioana.ileana,et hop un 2√®me E,INFJ,I,N,F,J
126,280821290472833025,willstiti,ü§ì,ENFP,E,N,F,P
127,785522824814002176,ioana.ileana,c'est parfait !!! ‚ù§Ô∏è ‚ù§Ô∏è  t'as vu @user ? @user quel est ton profil MBTI? @user quel est ton profil MBTI? @user quel est ton profil MBTI ? : )) @user c'est quoi ton profil MBTI? : ),INFJ,I,N,F,J
128,161126402861694976,notmoumix,Ioana spammeuse professionnel,ISTJ,I,S,T,J
129,785522824814002176,ioana.ileana,"attends, je suis pas encore arriv√©e au stade ""je vous dis ce que j'en pense de votre cahier des charges si vous me donnez vos profils MBTI"" (ce qui fr√¥lerait dangereusement le chantage : p ) mais que fait-on pas pour nos datas hein je vais me calmer . et remettre une couche demain :' ) l√† @user @user @user @user ce serait le moment id√©al de tester le bot ""relanceur de conversations"" : p ouiiiiiiiiiiiiiiiiiii *tu es E* je regarde de suite : p",INFJ,I,N,F,J
130,950054930696249365,hagop5026,Which one ?,ISFJ,I,S,F,J
131,785522824814002176,ioana.ileana,le cahier .... ou *le test* ? üëÄ omg l'attaque des E !!!! ,INFJ,I,N,F,J
132,764961273506955265,miyo5141,ISFJ-A üôä,ISFJ,I,S,F,J
133,785522824814002176,ioana.ileana,"bon, on fera avec : p c'est √©tonnant le nombre de ISFJ finalement ! c'est un des profils les plus cool je trouve ! : )",INFJ,I,N,F,J
134,811709607898644541,akramchaabnia,ENFP-A,ENFP,E,N,F,P
135,785522824814002176,ioana.ileana,wow petit √† petit nous arrivons √† couvrir les 16 @user c'ets quoi ton profil MBTI? : ),INFJ,I,N,F,J
136,192439196139520002,meftly,j'ai eu ISFP-T,ISFP,I,S,F,P
137,785522824814002176,ioana.ileana,*√ßa vient par vagues* üëÄ regarde @user nous avons ISFP maintenant !,INFJ,I,N,F,J
138,192439196139520002,meftly,√ßa aurait √©t√© int√©ressant de savoir le % de personne ayant eu le type obtenu,ISFP,I,S,F,P
139,887015355954896936,au__gust,INTJ perso .-.,INTJ,I,N,T,J
140,271286076688039936,akuboo,√áa n√©cessiterait d'en conna√Ætre Et qu'en plus ils aient discord Les gens en eco sont pas sur discord j'ai l'impression  Les mecs peut-√™tre ? Mais j'en connais 0 ,INTJ,I,N,T,J
141,785522824814002176,ioana.ileana,"ici tu veux dire? omg yaaaay enfin ENFJ et un autre !!! vous vous organisez entre vpous les gens? o√π c'est un truc style ""c'est l'heure des ENFJ"" : ))",INFJ,I,N,F,J
142,192439196139520002,meftly,ouais ou juste en g√©n√©ral la population,ISFP,I,S,F,P
143,785522824814002176,ioana.ileana,y'a des bili L1 qui ont fait un srv si tu veux tester,INFJ,I,N,F,J
144,192439196139520002,meftly,√ßa serait marrant de voir en INFO on domine dans quoi c√¥t√© personnalit√© ü§£,ISFP,I,S,F,P
145,271286076688039936,akuboo,Que j'aille les voir pour qu'ils viennent ici?,INTJ,I,N,T,J
146,785522824814002176,ioana.ileana,ah ils sont dj√† ici juste si tu veux faire un tour sur leur srv,INFJ,I,N,F,J
147,161126402861694976,notmoumix,m'√©tonne pas ca :)),ISTJ,I,S,T,J
148,785522824814002176,ioana.ileana,d√©j√† je veux bien des stats pour ce srv why?,INFJ,I,N,F,J
149,271286076688039936,akuboo,Oh ouais comme ca je leur donnerai les manuels qui sauveront leur scolarit√©,INTJ,I,N,T,J
150,161126402861694976,notmoumix,Bah c'est Alice :D,ISTJ,I,S,T,J
151,785522824814002176,ioana.ileana,what are you implying???,INFJ,I,N,F,J
152,161126402861694976,notmoumix,Bah elle est super sociable etc,ISTJ,I,S,T,J
153,785522824814002176,ioana.ileana,nah mais ENFJ c'est en mode *leader charismatique* hein dans mes souvenirs en tout cas,INFJ,I,N,F,J
154,271286076688039936,akuboo,Leader charismatique,INTJ,I,N,T,J
155,161126402861694976,notmoumix,Ah oui xd,ISTJ,I,S,T,J
156,271286076688039936,akuboo,Chose qui n'a jamais √©t√© dite pour moi ,INTJ,I,N,T,J
157,161126402861694976,notmoumix,Je parlais juste du E üëÄ,ISTJ,I,S,T,J
158,785522824814002176,ioana.ileana,bah manque de bol t'es pas ENFJ : )))),INFJ,I,N,F,J
159,271286076688039936,akuboo,Tristesse,INTJ,I,N,T,J
160,785522824814002176,ioana.ileana,spoiler: les E devront parler : p,INFJ,I,N,F,J
161,271286076688039936,akuboo,Il y a autre chose que I et E? Genre A pour average ,INTJ,I,N,T,J
162,785522824814002176,ioana.ileana,"des cat√©gories b√¢tardes comme √ßa, on en veut pas üò° mais t'as les pourcentages sur le test",INFJ,I,N,F,J
163,271286076688039936,akuboo,Ouais Pas de gens moyens ici ,INTJ,I,N,T,J
164,785522824814002176,ioana.ileana,j'h√©site √† √©pingler cte phrase : )),INFJ,I,N,F,J
165,271286076688039936,akuboo,Only extremes,INTJ,I,N,T,J
166,785522824814002176,ioana.ileana,je crois par contre,INFJ,I,N,F,J
167,373908217786269703,lukko_,"La moyennitude c'est une valeur statistique des gens T, en tant que tr√®s clairement F je dis que chaque personne est diff√©rente √† sa mani√®re donc y'a pas de moyen :D",INTP,I,N,T,P
168,785522824814002176,ioana.ileana,"--Luc, qui sait bien rentrer dans son profil courant MBTI",INFJ,I,N,F,J
169,373908217786269703,lukko_,Si je roleplay des cat√©gories random √ßa finira par devenir ma vraie personnalit√© (confiance de quelqu'un -A),INTP,I,N,T,P
170,785522824814002176,ioana.ileana,√ßa aussi j'ai un peu envie d'√©pingler : p,INFJ,I,N,F,J
171,373908217786269703,lukko_,XDDD,INTP,I,N,T,P
172,271286076688039936,akuboo,"""statistique"" ""T"" ""F"" Les tests statistiques ont bousill√© mon cerveau",INTJ,I,N,T,J
173,383235622510264331,jb_.h,INTP-T ici x),INTP,I,N,T,P
174,785522824814002176,ioana.ileana,mais en fait je viens de tilter que tu as fait exactement l'inverse de @user  ü§£,INFJ,I,N,F,J
175,373908217786269703,lukko_,Je me consid√®re toujours 50/50 XD Apr√®s je crois que c'√©tait plus du 60/40 avant donc I guess y'a de la progression J'ai d√ª r√©aliser que les gens c'√©tait pas si terrible que √ßa,INTP,I,N,T,P
176,271286076688039936,akuboo,Quel optimisme,INTJ,I,N,T,J
177,373908217786269703,lukko_,Je suis -A j'ai confiance en moi-m√™me et je suis F donc je la projette sur les autres :D,INTP,I,N,T,P
178,271286076688039936,akuboo,"Un jour j'absorberai cet optimisme C'est un peu le stade final de l'√©volution des rapports humains ""En fait √ßa va""",INTJ,I,N,T,J
179,785522824814002176,ioana.ileana,je vais faire un livre d'or de ce chan : p,INFJ,I,N,F,J
181,373908217786269703,lukko_,Mon probl√®me c'est justement je cherche trop de justifications √† des gens qui le m√©ritent pas XD je dois devenir plus misanthrope,INTP,I,N,T,P
182,271286076688039936,akuboo,Devenir d√©sabus√© Ce n'est pas une bonne id√©e,INTJ,I,N,T,J
183,271286076688039936,akuboo,"J'ai marqu√© ""lou√©e soit votre coop√©ration"" sur la porte d'un voisin qui ne coop√®re pas aujourd'hui et j'ai l'impression de d√©j√† etre une mamie agressive alors que j'ai 20 ans Ne suis pas ce chemin  Il faut se convaincre que l'humain est bon <:emoji_1:895000739787722784>",INTJ,I,N,T,J
184,373908217786269703,lukko_,"Nah mais disons que mon pdv actuel c'est que les pens√©es/actes d'une personne d√©pendent en grande partie de l'environnement dans lequel elle a grandi, qui est ind√©pendant de la personne en elle-m√™me, donc peut-on bl√¢mer quelqu'un pour quelque chose qui n'est pas fondamentalement li√© √† sa personne ? Mais du coup j'essaie aussi d'accepter le fait qu'on puisse still bl√¢mer la personne pour ses actes quand c'est dangereux pour la soci√©t√©, mais du coup dans quels termes bref ma vision des gens est assez compliqu√©e XDDD c'est pour √ßa que je suis F probablement",INTP,I,N,T,P
185,271286076688039936,akuboo,J'aimerais bien une soci√©t√© o√π tout le monde est un npc qui fait bien les choses de mani√®re ordonn√©e des fois La foule                ,INTJ,I,N,T,J
186,373908217786269703,lukko_,"Hmmmm nah le chaos c'est cool, mais pas chaos en mode destruction plus en mode cumul de l'expression de tout le monde qui cr√©e un tout d'un d√©sordre organis√© o√π on se sent full bien",INTP,I,N,T,P
187,271286076688039936,akuboo,l'environnement joue bcp mais damn  si seulement les gens pouvaient faire un minimum d'effort,INTJ,I,N,T,J
188,373908217786269703,lukko_,Quand c'est l'ordre tu peux pas sortir de la norme c'est chiant :/,INTP,I,N,T,P
189,271286076688039936,akuboo,"Les japonais et les allemands qui fixent, avec un visage horrifi√©, le fran√ßais qui traverse la route au rouge",INTJ,I,N,T,J
190,738119892682670112,nebulosis.,INFP üåø,INFP,I,N,F,P
191,373908217786269703,lukko_,I mean le pi√©ton devrait toujours avoir priorit√© sur les voitures en ville dans tous les cas XD mais je pars trop politique je vais effrayer les gens qui enverront plus leurs donn√©es üëÄ,INTP,I,N,T,P
192,271286076688039936,akuboo,Il faut prendre la priorit√© en traversant la route comme une parisienne press√©e qui court entre deux voitures sur un boulevard J'aime bien dire √ßa et apr√®s dire que les gens ne coop√®rent pas  vive la coh√©rence Il faut que qqun compte le nombre de fois que chaque lettre revient Et face un beau graphique Pas un moche tableau sur une page latex A3 en paysage dans un report en A4 portrait,INTJ,I,N,T,J
193,373908217786269703,lukko_,Boh osef de la coh√©rence c'est le moment qui compte XD (parole de P),INTP,I,N,T,P
195,271286076688039936,akuboo,J'ai ptet mal compte Mais j'ai ca,INTJ,I,N,T,J
196,271286076688039936,akuboo,Les E viendront √† des heures plus appropri√©es,INTJ,I,N,T,J
197,373908217786269703,lukko_,XDDD je broadcast ma propagande pro-splatoon √† tout le serveur Vers 4/5h quand ils rentreront de soir√©e probablement,INTP,I,N,T,P
198,271286076688039936,akuboo, Peut-√™tre que si j'avais de quoi mettre 17‚Ç¨ dans un cocktail je serais E *R√©guli√®rement*,INTJ,I,N,T,J
199,373908217786269703,lukko_,Tkt on sera riches apr√®s les √©tudes vive l'informatique,INTP,I,N,T,P
200,950054930696249365,hagop5026,_Je vais faire Master DAC pour √™tre riche_,ISFJ,I,S,F,J
201,271286076688039936,akuboo,Les gens qui vont au bar genre 8 fois par mois ?? En licence ?? Acheter des cocktails ?? Mais ? Yay  moi je ferai √©conomie mais tout est sur R donc √ßa compte aussi ptet ,INTJ,I,N,T,J
202,373908217786269703,lukko_,"Quel bon plan :D apr√®s ils avaient sorti les stats dans une conf√©rence, c'est les RES qui gagnent le plus (mais on se met bien quand-m√™me)",INTP,I,N,T,P
203,950054930696249365,hagop5026,RES ? c'est quoi ?,ISFJ,I,S,F,J
204,373908217786269703,lukko_,R√©seaux,INTP,I,N,T,P
205,950054930696249365,hagop5026,Hmmm,ISFJ,I,S,F,J
206,161126402861694976,notmoumix,les plus riches c'est les r√©seaux btw,ISTJ,I,S,T,J
207,950054930696249365,hagop5026,√Ä cause mehouawa j'aime pas trop r√©seau,ISFJ,I,S,F,J
208,161126402861694976,notmoumix,XD,ISTJ,I,S,T,J
209,373908217786269703,lukko_,Yes tkt tant que t'es au coeur du capitalisme t'as aucun probl√®me :D,INTP,I,N,T,P
211,373908217786269703,lukko_,Hmmmm nice,INTP,I,N,T,P
212,271286076688039936,akuboo,L'option finance existe Nous serons E un jour,INTJ,I,N,T,J
213,373908217786269703,lukko_,XDDD t'es pas le seul Apr√®s acheter des amis ne compte peut-√™tre pas dans l'extravertisme üëÄ,INTP,I,N,T,P
214,161126402861694976,notmoumix,(apparement j'existe pas),ISTJ,I,S,T,J
215,950054930696249365,hagop5026,I don't even know how to pronounce his name XD,ISFJ,I,S,F,J
217,373908217786269703,lukko_,Nah t'es un fant√¥me on fait juste semblant de te voir parce qu'on est sympa,INTP,I,N,T,P
218,271286076688039936,akuboo,Je vais rien acheter du tout,INTJ,I,N,T,J
219,161126402861694976,notmoumix,Mehaoua oua.... ouuaaa... ouaaaaaaa,ISTJ,I,S,T,J
220,161126402861694976,notmoumix,Victor si il est pas E je vais faire comme les processus sans but,ISTJ,I,S,T,J
221,373908217786269703,lukko_,Apr√®s je pensais la m√™me chose de toi :D Le test tr√®s scientifique nous r√©v√®le des surprises (encore un coup des T),INTP,I,N,T,P
222,161126402861694976,notmoumix,Non mais no joke c'est une exception Jussieu ü§£,ISTJ,I,S,T,J
223,271286076688039936,akuboo,"Une fille avait marqu√© ""j'aime pas les gens"" sur la feuille de pr√©sentation qu'on devait remettre √† la prof principale en 5e et je crois que cette phrase a chang√© ma vie C'est quelle lettre ""J'aime pas les gens""",INTJ,I,N,T,J
224,161126402861694976,notmoumix,je suppose I,ISTJ,I,S,T,J
225,373908217786269703,lukko_,I √† 100%,INTP,I,N,T,P
226,271286076688039936,akuboo,Peut-on etre E et ne pas aimer les gens tho Il y a pas des gens en conflit interne entre extraversion et misanthropie ?,INTJ,I,N,T,J
227,373908217786269703,lukko_,Maybe mais j'aimerais pas devoir √™tre entour√© de gens alors que je les aime pas,INTP,I,N,T,P
228,271286076688039936,akuboo,Ouais,INTJ,I,N,T,J
229,271286076688039936,akuboo,Ca s'appelle un travail de groupe au lyc√©e,INTJ,I,N,T,J
230,373908217786269703,lukko_,Certes,INTP,I,N,T,P
231,252035971174891521,haleront,C'est en cours,INFJ,I,N,F,J
232,373908217786269703,lukko_,Mais imagine ta vie c'est un travail de groupe :o,INTP,I,N,T,P
233,271286076688039936,akuboo,Ca s'appelle travailler en entreprise,INTJ,I,N,T,J
234,373908217786269703,lukko_,x-x je veux rester √©tudiant toute ma vie (mais le salaire though),INTP,I,N,T,P
235,271286076688039936,akuboo,"Avoir des r√©unions pour planifier des r√©unions en faisant des phrases comme ""il faudrait qu'on revoie √ßa""",INTJ,I,N,T,J
237,271286076688039936,akuboo,Pareil,INTJ,I,N,T,J
238,373908217786269703,lukko_,Apr√®s si tu fais en sorte que personne t'aime personne vient te voir et t'es tranquille,INTP,I,N,T,P
240,161126402861694976,notmoumix,c:,ISTJ,I,S,T,J
241,373908217786269703,lukko_,Go ne plus prendre de douche pour garder 10m de safe space autour de moi,INTP,I,N,T,P
242,381174118604603395,jvdmb93,ISFP-T,ISFP,I,S,F,P
243,271286076688039936,akuboo,Et gagner les championnats du monde de excel Omg les championnats du monde de excel c'est FASCINANT,INTJ,I,N,T,J
244,373908217786269703,lukko_,Mon r√™ve,INTP,I,N,T,P
245,373908217786269703,lukko_,J'ai d√©j√† regard√© une finale sur YT,INTP,I,N,T,P
246,161126402861694976,notmoumix,moi aussi ü§£ les bonne recommandation de 3h du mat,ISTJ,I,S,T,J
247,161126402861694976,notmoumix,@user Ils font full VBA pour automatiser tout leurs probl√®me et a la toute fin ils calcul tout,ISTJ,I,S,T,J
248,161126402861694976,notmoumix,et y'a des commentateurs qui sont meilleur que certains de sports ü§£,ISTJ,I,S,T,J
249,161126402861694976,notmoumix,Attend une 50 aine d'ann√©e encore pls,ISTJ,I,S,T,J
250,161126402861694976,notmoumix,@user ils sont comment tes vendredis ? :'),ISTJ,I,S,T,J
251,161126402861694976,notmoumix,beau TLDR,ISTJ,I,S,T,J
252,161126402861694976,notmoumix,ü§£,ISTJ,I,S,T,J
253,252035971174891521,haleront,INFJ,INFJ,I,N,F,J
254,252035971174891521,haleront,T,INFJ,I,N,F,J
255,161126402861694976,notmoumix,üò≠ Il est a 50% 50%,ISTJ,I,S,T,J
257,691972678365610056,.catsarecute,Moi en ce moment je dois m'occuper d'un Excel bien d√©gueu au taff :') Je ne suis pas ravie du tout Avec leur vieux VBA l√†... Beurk,INTJ,I,N,T,J
258,783272061388587018,myriamm1miage,ENFJ-A,ENFJ,E,N,F,J
259,525672685263388684,armagge,ISTJ - A perso Et je sais que l' autre gentil l√† c est INFP,INFP,I,N,F,P
260,689466297553256450,yafawra,je viens de voir que les descriptions des versions anglaises et fran√ßaises pour les types de personnalit√©s diff√®rent pas mal parfois ,ISTP,I,S,T,P
261,281724742547800065,thenewservant,INTP-A,INTP,I,N,T,P
262,161126402861694976,notmoumix,Ils essaient de romancer le plus possible pour que les gens ach√®tent leurs trucs ü§£,ISTJ,I,S,T,J
263,525672685263388684,armagge,r√©el,INFP,I,N,F,P
264,689466297553256450,yafawra,c'est dommage,ISTP,I,S,T,P
265,161126402861694976,notmoumix,√áa reste un business dans le fond :'),ISTJ,I,S,T,J
266,689466297553256450,yafawra,de base je me reconnaissais pas mal dans le type ISTP mais quand j'ai lu la version fran√ßaise.. bof,ISTP,I,S,T,P
267,161126402861694976,notmoumix,"Apr√®s faut pas tout prendre au pied de la lettre, juste les pourcentages je trouve √ßa fine pas besoin de qqun qui te dis ton horoscope suivant ta personnalit√©",ISTJ,I,S,T,J
268,689466297553256450,yafawra,oui logique j'avais trouv√© ce test int√©ressant quand j'avais cherch√© √† comprendre ce qu'ils utilisaient pour cat√©goriser diff√©rents types  et comment il marche etc et pas forc√©ment pour le r√©sultat final que √ßa va donner √† chacun,ISTP,I,S,T,P
269,161126402861694976,notmoumix,Faut se dire le truc a 62 ans et qu'il faut bien le remettre au go√ªt du jour pour encore le vendre,ISTJ,I,S,T,J
270,689466297553256450,yafawra,l√† j'essayais pas de lire le type en anglais et en fran√ßais pour trouver la r√©ponse √† qui je suis :))) juste par curiosit√©. Et j'avais juste trouv√© √ßa un peu bizarre √† quel point m'identifiais bcp √† l'un et pas trop √† l'autre pour un m√™me type,ISTP,I,S,T,P
271,161126402861694976,notmoumix,C'est vraiment l'effet horoscope √ßa :') ils disent des g√©n√©ralit√©s pour que tu t'identifies et que apr√®s tu as plus de chance de passer a un achat Faut plus voir les descriptions comme des tendances et non des faits Genre je suis a 53% J Mais a 3 pourcent pr√®s ma description change compl√®tement,ISTJ,I,S,T,J
272,244457814993403904,honeytotea,100% con ici CLOWN-T,INTP,I,N,T,P
273,934713343720165437,labrique_,jte d√©t√®st,INFP,I,N,F,P
274,934713343720165437,labrique_,"encore? c la 3√®me fois aujourd'hui",INFP,I,N,F,P
275,525672685263388684,armagge,qu'est ce qu'il a le helper l√† ? üòÇ,INFP,I,N,F,P
276,934713343720165437,labrique_,bah lis k√©sta pa compri,INFP,I,N,F,P
277,161126402861694976,notmoumix,Je suis toujours hilare quand je suis avec toi Mr Gran ü§£,ISTJ,I,S,T,J
278,689466297553256450,yafawra,il manque encore des types ?,ISTP,I,S,T,P
279,525672685263388684,armagge,sinon  pour approfondir il y a ce site qui estime comment vos fonctions congnitives se sont d√©velopp√© (que je trouve mieux),INFP,I,N,F,P
280,689466297553256450,yafawra,√ßa va surement te placer dans la cat√©gorie des vilains ce message :)))),ISTP,I,S,T,P
281,525672685263388684,armagge,la page de r√©sultat est longue mais l'important c ce truc,INFP,I,N,F,P
282,525672685263388684,armagge,@user let's go tu ne seras plus le seul INFP üòÇ,INFP,I,N,F,P
283,934713343720165437,labrique_,toi tu tiens pas √† la vie je pense,INFP,I,N,F,P
284,525672685263388684,armagge,XDD,INFP,I,N,F,P
285,234660936999370753,pierrea.,nope que pasa,INFP,I,N,F,P
286,317740033010302976,ismabrf,Salut ! je suis en train de faire le test !,ENFP,E,N,F,P
287,234660936999370753,pierrea.,INFP-T,INFP,I,N,F,P
288,317740033010302976,ismabrf,Voil√† @user !!,ENFP,E,N,F,P
289,689466297553256450,yafawra,@user t'as eu quoi au pourcentage E-I btw ? on se posait la question hier <:__:835997140102807652> üòÇ,ISTP,I,S,T,P
290,317740033010302976,ismabrf,C'est quoi E-I ??,ENFP,E,N,F,P
291,689466297553256450,yafawra,"c'est la premi√®re lettre de ce qu'il te donne comme r√©sultat final (__E__.N.F.P pour toi) et en gros tu as 2 possibiliti√©s pour chacune des lettres, donc la premi√®re est toujours soit E (comme toi) ou I",ISTP,I,S,T,P
292,161126402861694976,notmoumix,(Extravertit ou Introvertit),ISTJ,I,S,T,J
293,317740033010302976,ismabrf,Aaah,ENFP,E,N,F,P
294,689466297553256450,yafawra,et on se demandait avec Ioana si tu finirais plut√¥t en E ou en I üòÇ,ISTP,I,S,T,P
295,161126402861694976,notmoumix,"tu peux voir ca dans ""Vos resultats""",ISTJ,I,S,T,J
296,317740033010302976,ismabrf,J'ai eu 68% Extraverti,ENFP,E,N,F,P
297,689466297553256450,yafawra,ohh merci,ISTP,I,S,T,P
298,317740033010302976,ismabrf,Mon jumeau T'as eu cb toi ?,ENFP,E,N,F,P
299,689466297553256450,yafawra,la derni√®re fois que je l'ai fait j'√©tais en premi√®re je crois mdrr mais toutes les fois o√π j'ai fait le test je finissais avec + de 95% Introverti <:__:835997140102807652>  (je pense ~97 quelque chose comme √ßa) les autres lettres c'est moins extreme pour moi en general tho,ISTP,I,S,T,P
300,317740033010302976,ismabrf,Tfacon introvertit ou extravertit y'a pas de bonnes r√©ponses,ENFP,E,N,F,P
301,689466297553256450,yafawra,on est plus proches des 5%/2 que des 5% mais bon   <:__:835997140102807652>,ISTP,I,S,T,P
302,317740033010302976,ismabrf,Mais ouais j'avais d√©j√† fait le test y'a quelques ann√©es aussi et mon r√¥le change √† chaque fois J'√©volue surement,ENFP,E,N,F,P
303,689466297553256450,yafawra,oui il n'y a aucune bonne r√©ponse ofc üòÅ,ISTP,I,S,T,P
304,689466297553256450,yafawra,"j'√©tais I.N.T.J la premi√®re fois que j'ai fait le test je crois, mais oui c'est s√ªr que c'est pas √©tonnant d'obtenir des r√©sultats diff√©rents avec le temps en vrai",ISTP,I,S,T,P
305,317740033010302976,ismabrf,Oui de ouf J'√©tais consul et amuseur ces 3 dernieres ann√©es,ENFP,E,N,F,P
306,689466297553256450,yafawra,"au coll√®ge j'√©tais I.N.T.J (architecte), puis il y a un moment o√π j'√©tais entre I.N.T.J et I.N.T.P (logicien), et depuis qq ann√©es je suis plut√¥t I.S.T.P (virtuose) ¬Ø\_(„ÉÑ)_/¬Ø",ISTP,I,S,T,P
307,525672685263388684,armagge,"ah, moi c 4 % feeling pour le coup",INFP,I,N,F,P
308,934713343720165437,labrique_,C pas ce que t'as dit quand t'as pass√© les dst,INFP,I,N,F,P
309,525672685263388684,armagge,bah je viens de le faire sur 16personalities XD nan mais les 4 % c que de la haine tu vois,INFP,I,N,F,P
310,934713343720165437,labrique_,Parfait,INFP,I,N,F,P
312,934713343720165437,labrique_,Pov: quand tu ne connais pas la r√©ponse de la premi√®re question au contr√¥le,INFP,I,N,F,P
313,689466297553256450,yafawra,et moi tr√®s loin du tien on dirait ,ISTP,I,S,T,P
314,689466297553256450,yafawra,"j'√©tais pas mal J>P, puis il y a eu un moment o√π j'√©tais entre les 2 et maintenant √ßa a l'air d'√™tre devenu assez...extr√™me üò≠ (though ig je me reconnaitrais + dans I.N.T.J que I.N.T.P entre ces deux l√†)",ISTP,I,S,T,P
317,689466297553256450,yafawra,"mince srry, si je modifie les messages c'est bon ? ou pour les futurs messages ?",ISTP,I,S,T,P
318,689466297553256450,yafawra,√ßa me para√Ætrait raisonnable comme d√©cision üòÇ,ISTP,I,S,T,P
319,689466297553256450,yafawra,"(je crois avoir modifi√© tous les messages o√π je mentionnais un autre type que le mien;; j'ai mis des points entre les lettres, j'esp√®re que c'est bon comme √ßa)",ISTP,I,S,T,P
320,383235622510264331,jb_.h,ah √ßa risque d'√™tre amusant de nettoyer tout √ßa ü§£ je vais ignorer les messages avec des mentions x),INTP,I,N,T,P
321,383235622510264331,jb_.h,c'est √† dire? regarder le premi√®re fois o√π le mbti est partag√© dans le message?,INTP,I,N,T,P
322,383235622510264331,jb_.h,je vais essayer √ßa x),INTP,I,N,T,P
323,688129609434398842,geauxbatonrouge,ISFJ-T,ISFJ,I,S,F,J
324,934713343720165437,labrique_,left,INFP,I,N,F,P
325,950054930696249365,hagop5026,do what XD ooooooo,ISFJ,I,S,F,J
326,525672685263388684,armagge,j'en connais un autre qui aimerait bien n'est ce pas @user,INFP,I,N,F,P
327,934713343720165437,labrique_,j'en connais un autre qui verra pas mars,INFP,I,N,F,P
328,525672685263388684,armagge,XDD au moins je verrai f√©vrier c d√©j√† √ßa XDDD,INFP,I,N,F,P
329,950054930696249365,hagop5026,Oooo okayy @user @user,ISFJ,I,S,F,J
330,245239791942107137,min0w,"Bahaha de rien, les slides √† jamais dans mon sommeil üòÇ",ISTP,I,S,T,P
331,950054930696249365,hagop5026,"Pour le 1er perspective d'avenir : -> commande tld sumamry etc... ya un traduction √† faire ? Oubien juste on fait un dict des mots cl√©s en fran√ßais et en anglais et on fait _contains_ ? J'aime bien les id√©es !!!!",ISFJ,I,S,F,J
332,383235622510264331,jb_.h,""j'aime bien aussi les id√©es surtout celle pour remplacer les moods üëç",INTP,I,N,T,P
334,383235622510264331,jb_.h,"ah oui c'est pas mal √ßa, en gros on donne juste des infos compl√©mentaire sur un message",INTP,I,N,T,P
335,383235622510264331,jb_.h,"peut-√™tre on prend un peu au dessus, un peu en dessous, on voit que c'est la m√™me personne et on join x)",INTP,I,N,T,P
336,383235622510264331,jb_.h,l'utilit√© du around x),INTP,I,N,T,P
338,934713343720165437,labrique_,je pense que ceux ki sont INFJ et ISTJ ils sont heureux ils ont l'exemple √† suivre @user c pour toi c ton exemple,INFP,I,N,F,P
339,525672685263388684,armagge,ah mais notre exemple √† tous ü§£,INFP,I,N,F,P
340,525672685263388684,armagge,"oui, √† l'inverse des infp n'est ce pas @user üòÇ",INFP,I,N,F,P
341,934713343720165437,labrique_,je vois pas de koi tu parle,INFP,I,N,F,P
342,525672685263388684,armagge,et qu'ils sont gentils üôÇ,INFP,I,N,F,P
343,525672685263388684,armagge,ooh oui des fois tu vois des trucs c'est de l'art,INFP,I,N,F,P
344,525672685263388684,armagge,||comme des bdd sans cl√© primaire par exemple|| ou les mod√®les 3d √ßa @user il en sa√Æt qqc,INFP,I,N,F,P
346,934713343720165437,labrique_,et la version pour d√©biles? comme moi,INFP,I,N,F,P
347,525672685263388684,armagge,comme NOUS,INFP,I,N,F,P
348,934713343720165437,labrique_,oui mais toi tu compte pas tu vois @user je peux pas √™tre infp,INFP,I,N,F,P
349,525672685263388684,armagge,XDD bah tu sais ce qu'on dis le code c de l'art nan mais tkt,INFP,I,N,F,P
350,525672685263388684,armagge,laisse moi exprimer mon incompr√©hension avec l'onomatop√©e suivante : hm hm,INFP,I,N,F,P
351,934713343720165437,labrique_,mek tu sais nous 2 on est d√©bile fo pas nous balancer √ßa tu peux onomanot√©p√© autant que tu veux √ßa ne changera rien,INFP,I,N,F,P
352,950054930696249365,hagop5026,!interest @user !activity !positivity,ISFJ,I,S,F,J
353,950054930696249365,hagop5026,!subjobj,ISFJ,I,S,F,J
354,950054930696249365,hagop5026,!check_mood @user MY LOVELY CREATION @user  DO AS I COMMAND AND SHOW ME ACTIVITY ONE MORE TIME OR ELSE !!!!!!!!!!!1,ISFJ,I,S,F,J
355,950054930696249365,hagop5026,voila good boy XD,ISFJ,I,S,F,J
356,950054930696249365,hagop5026,maitenant ca c'est prototype_version 1 maitenant je vais deco le bot pour utiliser un ature scrypt genre FUN,ISFJ,I,S,F,J
357,950054930696249365,hagop5026,@user I dare you to say badwords or anyone else XD,ISFJ,I,S,F,J
358,950054930696249365,hagop5026,nono it's something _fun_,ISFJ,I,S,F,J
359,950054930696249365,hagop5026,did u got a prvt message ?,ISFJ,I,S,F,J
360,950054930696249365,hagop5026,ok now say it one more time @user remove his admin just for this time XD please>,ISFJ,I,S,F,J
361,950054930696249365,hagop5026,hmmmm,ISFJ,I,S,F,J
362,950054930696249365,hagop5026,okay okay XD,ISFJ,I,S,F,J
363,950054930696249365,hagop5026,say it again,ISFJ,I,S,F,J
364,950054930696249365,hagop5026,u get suprise,ISFJ,I,S,F,J
365,950054930696249365,hagop5026,didn't you got a @mention ? ah yes go to prison my boi XD,ISFJ,I,S,F,J
366,950054930696249365,hagop5026,ooooo üí°,ISFJ,I,S,F,J
367,950054930696249365,hagop5026,@user wha do u think ?,ISFJ,I,S,F,J
368,950054930696249365,hagop5026,!tictactoe @user 1,ISFJ,I,S,F,J
369,950054930696249365,hagop5026,2,ISFJ,I,S,F,J
370,950054930696249365,hagop5026,7,ISFJ,I,S,F,J
371,950054930696249365,hagop5026,6,ISFJ,I,S,F,J
372,950054930696249365,hagop5026,9,ISFJ,I,S,F,J
373,950054930696249365,hagop5026,yay,ISFJ,I,S,F,J
374,950054930696249365,hagop5026,XD,ISFJ,I,S,F,J
375,950054930696249365,hagop5026,puissance 4 c'est pour projet IA,ISFJ,I,S,F,J
376,950054930696249365,hagop5026,y a aussi kick ban j'ai deja test√©,ISFJ,I,S,F,J
377,950054930696249365,hagop5026,XD,ISFJ,I,S,F,J
378,950054930696249365,hagop5026,deja fait pour si ca commence par ! mais apres peut etre le prefixe sera / aulieu ! l'id√©e de @user,ISFJ,I,S,F,J
379,950054930696249365,hagop5026,wait wai thahahhaa,ISFJ,I,S,F,J
380,950054930696249365,hagop5026,try again,ISFJ,I,S,F,J
381,317740033010302976,ismabrf,@user I love you,ENFP,E,N,F,P
382,950054930696249365,hagop5026,yo @user montre moi le mood de @user,ISFJ,I,S,F,J
383,950054930696249365,hagop5026,ca beug parfois hahaha,ISFJ,I,S,F,J
384,950054930696249365,hagop5026,yo @role montre moi le mood de @user ah voila yo @role montre moi le mood de @user,ISFJ,I,S,F,J
385,950054930696249365,hagop5026,les id ? genre lukko_?,ISFJ,I,S,F,J
386,525672685263388684,armagge,!check_mood @user,INFP,I,N,F,P
387,950054930696249365,hagop5026,pour le mood ya que joy sad et neutre _on va ameliorer_,ISFJ,I,S,F,J
388,950054930696249365,hagop5026,ce sont que des prototypes,ISFJ,I,S,F,J
389,525672685263388684,armagge,nan mais il y a pas angry d'impl√©menter c pour √ßa üòÇ,INFP,I,N,F,P
390,950054930696249365,hagop5026,t'as oublier @mention,ISFJ,I,S,F,J
391,950054930696249365,hagop5026,ce prototype v1 c'est les 80 dernieres messages ~,ISFJ,I,S,F,J
392,950054930696249365,hagop5026,@role interest @user,ISFJ,I,S,F,J
393,525672685263388684,armagge,!check_interest @user,INFP,I,N,F,P
394,950054930696249365,hagop5026,.catsarecute ?,ISFJ,I,S,F,J
395,950054930696249365,hagop5026,!interest_oubien_!i pour interest c'est le server,ISFJ,I,S,F,J
396,950054930696249365,hagop5026,bro dont make ioana angry @role interest @user lol,ISFJ,I,S,F,J
397,525672685263388684,armagge,@user interest @user ,INFP,I,N,F,P
398,525672685263388684,armagge,@user interest @user ||(r√©pond sinon je t'√©trangle) ||,INFP,I,N,F,P
399,525672685263388684,armagge,!interest @user peut √™tre,INFP,I,N,F,P
400,525672685263388684,armagge,@user interest @user,INFP,I,N,F,P
401,525672685263388684,armagge,je pense que t'as ping le mauvais bougre XD,INFP,I,N,F,P
402,525672685263388684,armagge,"mais sinon ouais le bot est sympa, ||en plus il m'a permis de spam ping l'autre l√† üòÇ ||",INFP,I,N,F,P
403,934713343720165437,labrique_,je me d√©co 1h et je recois 4 ping k√©kekoi?,INFP,I,N,F,P
404,525672685263388684,armagge,ahahahah att que 4 ?,INFP,I,N,F,P
405,934713343720165437,labrique_,oui jean ai compter + g pas compris,INFP,I,N,F,P
406,525672685263388684,armagge,aaah je pr√©f√©re,INFP,I,N,F,P
407,934713343720165437,labrique_,!interest c koi √ßa?,INFP,I,N,F,P
409,934713343720165437,labrique_,apr√®s il est d√©sativ√©,INFP,I,N,F,P
410,525672685263388684,armagge,ouaip,INFP,I,N,F,P
411,934713343720165437,labrique_,nan mais il √† qu'√† dire que chui moche tant qu'on y est,INFP,I,N,F,P
413,525672685263388684,armagge,il peut dire au pire qu'il ne peut pas dire qu'il est bo √ßa c le pire,INFP,I,N,F,P
414,934713343720165437,labrique_,"il peut dire qu'on est ""sp√©ciaux""",INFP,I,N,F,P
415,525672685263388684,armagge,nan mais ne vous inqui√©t√© pas il n'y aucun type meilleur que d'autre ...,INFP,I,N,F,P
416,934713343720165437,labrique_,nan y a juste la preuve que la selection naturelle fait pas son job,INFP,I,N,F,P
417,525672685263388684,armagge,üòÇ bah faut bien des victimes pour que d'autre personne puisse s'affirmer,INFP,I,N,F,P
418,934713343720165437,labrique_,c pas ce que dis omni man,INFP,I,N,F,P
420,934713343720165437,labrique_,tu vois la trottinette? je v te l'enfoncer dans la gorge,INFP,I,N,F,P
421,525672685263388684,armagge,XDD ah l√† l√† les infp que des paroles üòÇ,INFP,I,N,F,P
423,374341502509514752,espaviot,ISTP,ISTP,I,S,T,P
424,934713343720165437,labrique_,on te demande poliment ? I-STP... lol aller moi j'y vais,INFP,I,N,F,P
425,525672685263388684,armagge,tu m'as habitu√© √† mieux ...,INFP,I,N,F,P
427,525672685263388684,armagge,c vrai que mtn que tu le dis ...,INFP,I,N,F,P
428,705361796785111071,quentin.chz,ENTJ pour ma part,ENTJ,E,N,T,J
429,934713343720165437,labrique_,HA VICTIME,INFP,I,N,F,P
430,525672685263388684,armagge,et c'est toi qui dit √ßa üòÇ,INFP,I,N,F,P
431,934713343720165437,labrique_,nan mais moi chui pas une victime,INFP,I,N,F,P
432,525672685263388684,armagge,infp tkt ce n'est pas une fatalit√© x),INFP,I,N,F,P
433,934713343720165437,labrique_,fr√®re JE me fait trait√© de victime par ki je te laisse deviner on est sp√©ciaux c √ßa?,INFP,I,N,F,P
434,525672685263388684,armagge,disons que si tu regardes la descriptions des personalit√© sur le site il y en a 1 qui se fait beaucoup moins respect que les autres,INFP,I,N,F,P
435,934713343720165437,labrique_,c pas √† moi ki fo dire √ßa @user il a dis ke tu√© ses employ√© c ok,INFP,I,N,F,P
436,525672685263388684,armagge,moi je te le confirme C T ECRIS SUR LE CONTRAT,INFP,I,N,F,P
437,934713343720165437,labrique_,MAIS PUTAIN C DES VIE HUMAINES,INFP,I,N,F,P
438,525672685263388684,armagge,ILS SAVAIENT CE POUR QUOI IL ALLAIT BOSSER,INFP,I,N,F,P
439,934713343720165437,labrique_,MOURIR OU MOURIR C PAS UN CHOIX,INFP,I,N,F,P
440,525672685263388684,armagge,bah si car dans 1 des cas ils sont pay√©s,INFP,I,N,F,P
441,934713343720165437,labrique_,ils s'en foutent ils sont mort,INFP,I,N,F,P
442,525672685263388684,armagge,bah dans ce cas ils pouvaient juste refuser le contrat si ils ne voulaient pas,INFP,I,N,F,P
443,934713343720165437,labrique_,mais ils allait mourir HE T CON HEIN,INFP,I,N,F,P
444,934713343720165437,labrique_,et toi t'as choisi de tuer l'aurtograf,INFP,I,N,F,P
445,934713343720165437,labrique_,nan mais toi fo pas que tu sois patron,INFP,I,N,F,P
446,934713343720165437,labrique_,"""Mr √ßa fait 25 fois d√©j√† depuis le d√©but de l'ann√©e que y a des accidents"" ""-oh ct y a longtemps"" ""-on est le 1er janvier""",INFP,I,N,F,P
447,934713343720165437,labrique_,bizarrement vous √©tiez avec eux et au 30 √®e √©tages tous mort de chute,INFP,I,N,F,P
448,934713343720165437,labrique_,les cam√©ra vous ont vu leurs faire un croche patte,INFP,I,N,F,P
449,934713343720165437,labrique_,alors √©coute moi bien l'alcoolique ....,INFP,I,N,F,P
450,934713343720165437,labrique_,mek t'as vu tes cr√®pes?,INFP,I,N,F,P
451,934713343720165437,labrique_,la d√®rni√®re fois ct en 2004,INFP,I,N,F,P
452,934713343720165437,labrique_,pose pas de questions,INFP,I,N,F,P
454,934713343720165437,labrique_,"Cad ""nos propres messages ""? Les n√¥tres qu'on envoie ?",INFP,I,N,F,P
455,934713343720165437,labrique_,√áa me va De tt fa√ßon g d√©j√† r√©cup√©r√© mes messages üôÉ Elle est pratique l'API discord,INFP,I,N,F,P
456,695980736070680587,mohamedelaminebouanane,ESFP-A,ESFP,E,S,F,P
457,492775668292124712,vten,ü§£  Tu fais la collection ?,ESFJ,E,S,F,J
458,934713343720165437,labrique_, g trouver √ßa comme raret√© lol,INFP,I,N,F,P
459,492775668292124712,vten,ESFJ ! üòÖ  Principalement chez les filles ?,ESFJ,E,S,F,J
460,934713343720165437,labrique_,si seulement....,INFP,I,N,F,P
461,492775668292124712,vten,Du coup c'est quoi le MBTI le plus repr√©sent√© dans ce serveur ? @user,ESFJ,E,S,F,J
462,492775668292124712,vten,C'est qui l'autre moi ?,ESFJ,E,S,F,J
463,492775668292124712,vten,üòÆ Bidou il est bcp + extraverti je pense xd,ESFJ,E,S,F,J
467,374341502509514752,espaviot,istp,ISTP,I,S,T,P
468,779064583657750538,starjordan,INFP -T,INFP,I,N,F,P
469,240509853884219392,ste0rra,Tout pareil,INTP,I,N,T,P
470,887015355954896936,au__gust,C'est un peu pas si claire parce que avant j'avais INTJ mais j'ai refais le test et c'est ISTJ,INTJ,I,N,T,J
471,887015355954896936,au__gust,Vous pouvez utiliser celui que vous voulez lol m√™me moi je suis confuse,INTJ,I,N,T,J
472,887015355954896936,au__gust,Allons sur le INTJ √ßa me ressemble quand m√™me plus que ISTJ..m√™me si c'√©tait 3% de diff,INTJ,I,N,T,J
473,887015355954896936,au__gust,oui c:,INTJ,I,N,T,J
474,689466297553256450,yafawra,j'ai essay√© de refaire le test juste par curiosit√© ||(*enfin surtout comme excuse parce que je bloque sur un WA et qu'essayer de me remettre en t√™te ce que j'avais quand je l'ai cod√© √† 5h du matin est en train de me donner une migraine..*  )|| :)) j'ai litt√©ralement eu un type diff√©rent d'il y a quelques jours pour les extremes √ßa bouge pas trop (obviously)  mais l√† on comprend un peu mieux les fluctuations :)) (en dehors des changements entre diff√©rentes ann√©es) ,ISTP,I,S,T,P
475,689466297553256450,yafawra," (je viens de voir que j'avais eu √ßa il y a quelques jours though, √ßa bouge un peu mais je reste toujours du c√¥t√© T)",ISTP,I,S,T,P
477,190577761759264768,spicycactus,C'est fusionn√© sous UPC de toute fa√ßon non ? üëÄ,INTJ,I,N,T,J
478,190577761759264768,spicycactus,"Je vais aider √† la pub mais de mon ann√©e quelqu'un avait pu chopper un stage par le swerc R√©seauter, tout √ßa tout √ßa",INTJ,I,N,T,J
479,244457814993403904,honeytotea,Oui Eyal et Mathilde,INTP,I,N,T,P
480,190577761759264768,spicycactus,√Ä Huawei de souvenir !,INTJ,I,N,T,J
481,244457814993403904,honeytotea,Techniquement mon stage de l3 je le doit au swerc,INTP,I,N,T,P
482,244457814993403904,honeytotea,Mais indirectement,INTP,I,N,T,P
484,356125223436681216,omss,Tiens si tu veux plus d'infos,INTP,I,N,T,P
485,234660936999370753,pierrea.,r√©visez bien les algos de tri j'ai un leak de @user qui m'a dit qu'il n'y avait que √ßa!! et des difficiles du genre bubble sort!!,INFP,I,N,F,P
486,234660936999370753,pierrea.,j'essayais juste d'augmenter mes chances de gagner,INFP,I,N,F,P
487,234660936999370753,pierrea.,√ßa se passe bien DCI ? je suis curieux un peu,INFP,I,N,F,P
488,356125223436681216,omss,T'as le choix de ton langage,INTP,I,N,T,P
489,234660936999370753,pierrea.,c'est du cobol,INFP,I,N,F,P
490,234660936999370753,pierrea.,c'est qui la prof?,INFP,I,N,F,P
491,234660936999370753,pierrea.,elle prend en photo des feuilles qu'elle a √©crit√© √† la main ?,INFP,I,N,F,P
492,234660936999370753,pierrea.,ok c'est tjrs la mm,INFP,I,N,F,P
493,356125223436681216,omss,T'as pas acc√®s √† internet pendant le concours,INTP,I,N,T,P
494,234660936999370753,pierrea.,"et pas d'autre cours ""particulier"" : ) @user",INFP,I,N,F,P
495,234660936999370753,pierrea.,je suis surpris de cette r√©ponse honn√™tement j'ai ou√Ø dire que vous aviez un certains enseignant dans une certaines mati√®res qui nous a pos√© bcp de pbs l'ann√©e derni√®re,INFP,I,N,F,P
496,234660936999370753,pierrea.,oui mais tu as le m√™me prof en admin et gestion de donn√©es normalement que nous,INFP,I,N,F,P
498,244457814993403904,honeytotea,Lol marche sur linuw,INTP,I,N,T,P
500,1153627438283247706,sarah00021,"J'ai trouv√© cette playlist sur Youtube je trouve qu'elle est bien aussi c'est pour apprendre a lire et a √©crit l'arabe",ENFJ,E,N,F,J
501,281724742547800065,thenewservant,par ici,INTP,I,N,T,P
506,176055615293095936,gm_construct_v1,"La forme d'une lettre peut changer en fonction de sa position dans un mot (d√©but,milieu,fin de mot ou bien isol√©e)",INFJ,I,N,F,J
507,811709607898644541,akramchaabnia,Il ya de nombreuses formes et chacune a sa prononciation par exemple A (alif) peut √™tre: ÿ£ ÿß ÿ• ÿ¢. Il ya aussi la ponctuation ÿ£Ÿé ÿ£Ÿê ÿ£Ÿè qu‚Äôelle va aussi changer la prononciation,ENFP,E,N,F,P
509,176055615293095936,gm_construct_v1,56% mais oui le site est mal fait y'a des stations non reconnu,INFJ,I,N,F,J
511,176055615293095936,gm_construct_v1,La fameuse 8 maudite avec ses 38 stations ...,INFJ,I,N,F,J
513,176055615293095936,gm_construct_v1,Lente + bruyante et brusque vers Charenton c'est un enfer,INFJ,I,N,F,J
514,190577761759264768,spicycactus,"C'est 50/50 en v√©rit√©, ma promo penche m√™me + c√¥t√© dev üëÄ Et tu peux tr√®s bien faire de la gouvernance cyber avec, en effet",INTJ,I,N,T,J
515,244457814993403904,honeytotea,"Perso je maintiens que c'est pas bien si tu vas pas plus loin que les cours et je n'ai aucun conflit d'int√©r√™ts Juste que je connais des gens qui l'ont fait, et leur retour √©tait assez... meh Mais si tu aimes bien, c'est tant mieux ! Et aussi j'ai l'impression que le programme est ""un peu maigre"" Malheureusement la plupart des gens ne vont pas sp√©cialement plus loin True !!! Et te connaissant je sais que tu iras plus loin ! Le probl√®me entre Janiszek et les profs de s√©cu est r√©el, mais pas infond√© (je rentrerai pas dans les d√©tails) Je suis partisan de la base est en cours, mais si tu veux vraiment ma√Ætriser un truc faut bosser dessus √† c√¥t√© L√† dessus, je te rejoins ! En licence je sais pas s'ils sont fait pour bosser √† c√¥t√© J'ai pas trop eu cette impression Disons, √ßa d√©pend des cours La l2 est assez chiante, mais le probl√®me c'est pas les cours c'est certains prof, genre Gnaho Gnaho qui ne sait pas faire des inductions sur des arbres et qui donne des cours d'algo Avec des inductions sur des arbres (non, ceci n'est pas une blague) Pas Delobelle j'esp√®re Delobelle ‚ù§Ô∏è Delobelle est un des meilleurs prof que j'ai eu de ma vie haha Mais gnaho en algo Quel carnage Bah tdl, et mon stage avec lui et Jean Guy Ils √©taient vraiment g√©niaux En fait je comprends pas comment Gnaho peut confidently enseigner algo l2 Quand lui m√™me ne sait pas faire d'induction (je dis pas que c'est grave de pas savoir, mais quand tu enseignes un peu quand meme...) Ses vieux qcm avec aucunes des r√©ponses qui sont bonnes Je l'ai encore en travers de la gorge Cloppet est sympa, mais c'est effectivement pas la meilleure enseignante (en dehors des cours elle est tr√®s sympa par contre!) Dorta, C'est tout ce que je dirais sur Dorta, car ce vide est tout de m√™me plus pr√©sent et actif qu'elle (et plus utile aussi) Le cours est nul Dorta, disons que les stages cette ann√©e Eh Dorta en systex jsp, je suis jamais all√© √† son cours, juste aux partiels Good night ! Dorta en stage : ",INTP,I,N,T,P
516,234660936999370753,pierrea.,quelqu'un s'y connait en n√©o banques ? jvais bien dormir je crois ce soir mdrr @user,INFP,I,N,F,P
517,234660936999370753,pierrea.,j'ai envie d'ouvrir un compte et j'h√©site entre n26 et revolut,INFP,I,N,F,P
518,234660936999370753,pierrea.,"bien sur, tu es r√©mun√©r√© en vendant tes slides √† tes √©tudiants",INFP,I,N,F,P
519,234660936999370753,pierrea.,bah genre j'suis √† l'√©tranger et j'aimerai pouvoir retirer sans frais car je suis dans un pays qui utilise majoritairement du cash : '))) et les 4 euros de frais c pas que √ßa me saoule mais un peu qd mm !! mon autre solution serait d'ouvrir un compte en autriche mais flemme un peu (pour le moment je tends plus vers n26 mais je connais pas les vrais diff) oui je pense j'en ai marre des banques classique aussi,INFP,I,N,F,P
520,244457814993403904,honeytotea,Je le connais Il est √† Sorbonne maintenant,INTP,I,N,T,P
521,244457814993403904,honeytotea,"Viens priv√© je t'envoie son contact @user @user . je continue ici pour pas cacher orientation haha du coup, l'id√©e du constructivisme c'est que si tu as une preuve, tu as un programme et si tu as un programme, tu as une preuve (y'a une √©quivalence entre programme et preuve) avec le tier exclu, tu peux prouver l'existence d'objet sans pour autant mettre le doit dessus fait assez int√©ressant, la logique NJ (constructiviste) n'est pas ""moins"" puissance que la logique ""NK"" car la logique NK est valide ssi la logique NJ l'est (par valide je veux dire consistante) (et malheureusement les deux sont √† priori incompl√®te, merci G√∂del) en logique NJ on peut par contre prouver que non(non(non(A))) => non(A) et donc que non(non(non(non(A))) => A (et on peut √©tendre, mais on peut pas aller en dessous de 3...)",INTP,I,N,T,P
522,244457814993403904,honeytotea,"alors pour le coup on utilise aussi des notations logiques, mais je pense qu'on voit √ßa diff√©remment",INTP,I,N,T,P
523,244457814993403904,honeytotea,"on fait √ßa par le c√¥t√© lambda calcul, th√©orie des types, correspondance Curry Howard etc si tu veux tout mon cours est en acc√®s libre sur internet",INTP,I,N,T,P
525,244457814993403904,honeytotea,nous c'est plus les fondements de la logique (d'ailleurs ce prof est vraiment g√©nial),INTP,I,N,T,P
526,244457814993403904,honeytotea,"oui j'aime bien ce cours, mais c'est pas trivial ;p notamment la partie en ocaml j'ai beaucoup de mal",INTP,I,N,T,P
527,244457814993403904,honeytotea,mais en terme de difficult√© algo avanc√© :)))))))) AHHHHHHHH,INTP,I,N,T,P
528,244457814993403904,honeytotea,on a fait le contenu du M2 MPRI en complexit√© param√©tr√©e qui normalement se fait sur 8 semaine en 2 s√©ances,INTP,I,N,T,P
529,244457814993403904,honeytotea,"en 1 s√©ance on a fait la prog lin√©aire, en 1 s√©ance les r√©ductions polynomiales / ETH / etc (c'√©tait ok) en 1 s√©ance on a fait les solver sat, on a regarder comment les opti √† fond, etc cette semaine on fait les algo d'approx il me semble, on a encore les algo online √† faire, les algos online param√©tr√©es, et encore 3-4 trucs √ßa n'a aucun sens",INTP,I,N,T,P
530,244457814993403904,honeytotea,mais c'est tr√®s cool,INTP,I,N,T,P
531,244457814993403904,honeytotea,tu as acc√®s √† mon cloud non ? y'a les cours dessus,INTP,I,N,T,P
532,244457814993403904,honeytotea,j'ai fait le programme d'algo de M1 de wass en 2 semaines mdr,INTP,I,N,T,P
533,244457814993403904,honeytotea,j'ai montr√© √† Jean Guy Mailly sa r√©action √ßa a √©t√© 'c'est bourrin ton master' (bon apr√®s c'est le but hein je vais pas me plaindre je suis content),INTP,I,N,T,P
534,244457814993403904,honeytotea,oui mais l√† √ßa va pe un peu vite quand meme haha,INTP,I,N,T,P
535,244457814993403904,honeytotea,en L1 oui,INTP,I,N,T,P
536,244457814993403904,honeytotea,"au S5 aussi yep Math pour l'info, mais au S1 en L1 y'a de l'alg√®bre lin√©aire, des espaces vectoriels etc (mais c'est assez soft)",INTP,I,N,T,P
537,244457814993403904,honeytotea,eh je sais pas trop je suis pas all√© en cours :x,INTP,I,N,T,P
539,244457814993403904,honeytotea,"(√ßa me parait √™tre le strict minimum) vecteur propres et valeurs propre j'en ai pas vu aux partiels, donc je pense qu'il n'y en avait pas",INTP,I,N,T,P
540,244457814993403904,honeytotea,"ah y'avait aussi familles/g√©n√©rateurs d'un EV,  etc proba y'a une option en L1 de proba discr√®te et en L2 info y'a l'option proba",INTP,I,N,T,P
545,234660936999370753,pierrea.,c'est quoi le d√©bat ? (j'arrive apr√®s la guerre),INFP,I,N,F,P
546,383235622510264331,jb_.h,"les maths en l1... üòÖ faudrait que je r√©vise un peu, faut juste revoir la m√©thode du pivot de Gauss",INTP,I,N,T,P
547,244457814993403904,honeytotea,Ce n'est pas le m√™me cours en l2 maths mais yep,INTP,I,N,T,P
548,234660936999370753,pierrea.,oh ok,INFP,I,N,F,P
549,383235622510264331,jb_.h,"oui c'est vrai, ce sera plus rapide x)",INTP,I,N,T,P
550,244457814993403904,honeytotea,"Y'a quelques master en dehors, mais la plupart y sont C'est pas exactement comme parcours sup Car les masters c'est S√©lectif √áa y ressemble oui",INTP,I,N,T,P
551,383235622510264331,jb_.h,bonne ann√©e !,INTP,I,N,T,P
552,240509853884219392,ste0rra,Bonne ann√©e üéä,INTP,I,N,T,P
553,287991042609774593,nicozoro,Bonne ann√©e ,INTP,I,N,T,P
554,281724742547800065,thenewservant,Bonne apn√©e,INTP,I,N,T,P
555,190577761759264768,spicycactus,Bonne ann√©e !,INTJ,I,N,T,J
556,381174118604603395,jvdmb93,Bonne ann√©e üéä,ISFP,I,S,F,P
557,356125223436681216,omss,Bonne ann√©e ü•≥,INTP,I,N,T,P
558,244457814993403904,honeytotea,Bonne ann√©e üôÇ,INTP,I,N,T,P
559,234660936999370753,pierrea.,bonne ann√©e!!,INFP,I,N,F,P
560,492775668292124712,vten,Bonne ann√©e !,ESFJ,E,S,F,J
561,689466297553256450,yafawra,bonne ann√©e :)),ISTP,I,S,T,P
562,383235622510264331,jb_.h,oui je cherche des infos sur certains masters x) il y a des anciens sujets qui tra√Ænent,INTP,I,N,T,P
563,383235622510264331,jb_.h,|| tu m'espionnes üòÇ ||,INTP,I,N,T,P
564,383235622510264331,jb_.h,master SAR (Parcours Syst√®mes et Applications R√©partis),INTP,I,N,T,P
565,383235622510264331,jb_.h,oh ce serait g√©nial √ßa !,INTP,I,N,T,P
566,691972678365610056,.catsarecute,Aucune info sur SAR :/,INTJ,I,N,T,J
568,738119892682670112,nebulosis.,"bonsoir, c'est Kenza d'un des groupes de python en projet : )",INFP,I,N,F,P
569,244457814993403904,honeytotea,"hein? mais si tu as 10 valeurs, tu peux pas avoir 1/2 de tomber sur chacun la proba de l'ensemble des √©v√®nements vaut 1 donc si c'est uniform√©ment distribu√©, c'est 1/10 si tu as 10 valeurs, etc mais pour r√©pondre √† ta question, par d√©faut il me semble que c'est une loi uniforme, mais tu peux la changer bonne question :p des g√©n√©rateurs pseudo al√©atoires pr√©cis√©ment lequel utilise python, j'en ai aucune id√©e id√©alement oui c'est uniforme en r√©alit√© vu que c'est pas r√©ellement de l'al√©atoire, bah, c'est pas uniforme (un ordinateur ne peut PAS cr√©er de l'al√©atoire, c'est d'ailleurs un probl√®me en cryptographie) bah regarde la doc du module random de python je pense que √ßa doit y √™tre expliquer apr√®s si la question c'est ""est-ce que c'est vraiment al√©aoire"", la r√©ponse est bien entendu non, mais c'est suffisamment impr√©visible pour que tu l'utilises en al√©atoire documentation √ßa la seed c'est ce qui permet au g√©n√©rateur pseudo al√©atoire de fonctionner un g√©n√©rateur al√©atoire c'est une fonction d√©terministe (donc pour une m√™me entr√©e, toujours la m√™me sortie) et l'id√©e c'est que la fonction f prend la seed  s en entr√©e, et renvoie f(s), puis ensuite f(f(s)) etc (c'est une fa√ßon de faire une fonction pseudo al√©atoire) si tu connais pas la seed, √ßa a l'air al√©atoire, mais si tu connais la seed, tu peux reproduire la s√©quence si tu cnnais la seed, tu connais exactement les valeurs qui vont √™tre retourn√©es pour une m√™me seed, une fonction va toujours renvoyer la m√™me chose vu que c'est d√©terministe mais toi ce que tu veux c'est fixer des valeurs, genre dire ""la valeur a, je veux qu'elle ait la proba 1/400 d'√™tre tir√©e"" etc et √ßa c'est dans la doc je pense",INTP,I,N,T,P
570,689466297553256450,yafawra,.. pareil,ISTP,I,S,T,P
571,244457814993403904,honeytotea,"en anglais, √ßa t'irais ?",INTP,I,N,T,P
572,244457814993403904,honeytotea,j'envoie dans ressources,INTP,I,N,T,P
573,244457814993403904,honeytotea,je t'ai mis deux trois livres,INTP,I,N,T,P
574,244457814993403904,honeytotea,(globalement j'ai surtout des livres tr√®s th√©orique et assez avanc√©e pas de niveau licence) (et surtout des livres de combinatoire en fait),INTP,I,N,T,P
575,244457814993403904,honeytotea,"(je fais de la combinatoire, donc c'est assez logique)",INTP,I,N,T,P
577,244457814993403904,honeytotea,j'y suis jamais all√©,INTP,I,N,T,P
578,244457814993403904,honeytotea,(c'√©tait pr√©visible),INTP,I,N,T,P
579,234660936999370753,pierrea.,y'avait un cours comme √ßa ? tu veux parler de celui de M. Lobry ?,INFP,I,N,F,P
580,234660936999370753,pierrea.,ah √ßa me dit rien alors j'ai s√ªrement du s√©cher,INFP,I,N,F,P
581,764961273506955265,miyo5141,Le plus important c‚Äôest anglais nn?,ISFJ,I,S,F,J
582,764961273506955265,miyo5141,Ah c‚Äôest comme en L2 okay,ISFJ,I,S,F,J
583,190577761759264768,spicycactus,"Je me souviens qu'on avait fait des applaudissements en ch≈ìur dans la salle de CM Gestion de conflits, je crois que c'√©tait √ßa...",INTJ,I,N,T,J
585,234660936999370753,pierrea.,ne frappe pas tes camarades de classes c'est pas une bonne chose!!,INFP,I,N,F,P
587,190577761759264768,spicycactus,Effectivement,INTJ,I,N,T,J
588,244457814993403904,honeytotea,@user,INTP,I,N,T,P
590,691972678365610056,.catsarecute,"Je peux √™tre utile aussi, j'en ai fait tellement XD que ce soit pour moi ou d'autres. Des lettres professionnelles ou acad√©miques üòå J'avoue je n'ai pas encore test√© Chatgpt sur les lettres de motivation",INTJ,I,N,T,J
591,691972678365610056,.catsarecute,"Ok, il est un petit peu dramatique Chatgpt quand il fait des lettres XD",INTJ,I,N,T,J
592,691972678365610056,.catsarecute,Oui !,INTJ,I,N,T,J
593,383235622510264331,jb_.h,Merci beaucoup ! je vais me renseigner sur tout √ßa üëÄ,INTP,I,N,T,P
594,691972678365610056,.catsarecute,"Nous on a pris un serveur Google, c'√©tait trois mois gratuits C'est Google Cloud Platform Et je pense que c'√©tait pareil pour l'autre groupe du coup",INTJ,I,N,T,J
595,691972678365610056,.catsarecute,"Ah alors Je pense que c'√©tait SQLite effectivement ! En fait on a utilis√© Django comme framework, donc on a pris le truc o√π il y a le plus de Doc mdr et c'√©tait SQLite",INTJ,I,N,T,J
596,691972678365610056,.catsarecute,"Je me souviens qu'on avait souffert, c'√©tait lent",INTJ,I,N,T,J
597,691972678365610056,.catsarecute,On avait un an de data pour trois crypto,INTJ,I,N,T,J
598,691972678365610056,.catsarecute,La plus petit c'√©tait 5 minutes je crois ! Ou 1 minute ?,INTJ,I,N,T,J
599,691972678365610056,.catsarecute,Non 5 minutes,INTJ,I,N,T,J
600,691972678365610056,.catsarecute,"Et oui, le petit bots devait trader mdr",INTJ,I,N,T,J
601,691972678365610056,.catsarecute,Yes ! C'est pour √ßa qu'on a fait 3 crypto seulement,INTJ,I,N,T,J
602,415111180676366341,john020203,!send @user test Je test juste leur botüòÇ  √áa a cr√©er plusieurs channel aussi,ISFJ,I,S,F,J
603,415111180676366341,john020203,y a une commande je vois pas a quoi elle sert peux tu m'eclairer hagop (la 3eme commande qui est affich√©)üòÇ,ISFJ,I,S,F,J
604,691972678365610056,.catsarecute,J'attends vos messages üíÖ,INTJ,I,N,T,J
605,695980736070680587,mohamedelaminebouanane,"Atta , t'es pas mouh bz ?",ESFP,E,S,F,P
606,691972678365610056,.catsarecute,Moi aussi je suis en train d'essayer,INTJ,I,N,T,J
607,691972678365610056,.catsarecute,J'allais envoyer un ü¶Ä En fait il me dit que je mets trop de temps √† r√©agir au message x),INTJ,I,N,T,J
608,383235622510264331,jb_.h,x),INTP,I,N,T,P
609,356125223436681216,omss,je viens d'en d'acheter un setup aujourd'hui merci le crous,INTP,I,N,T,P
610,415111180676366341,john020203,Par contre on peut s envoyer √† soi m√™me,ISFJ,I,S,F,J
611,356125223436681216,omss,Va falloir plus qu'un emoji J'ai d√©pens√© 24 balles en plus juste pour avoir un bo√Ætier transparent avec des leds pour flex,INTP,I,N,T,P
612,190577761759264768,spicycactus,Petite chaise ergo,INTJ,I,N,T,J
613,356125223436681216,omss,1000 balles le setup je suis plus √† √ßa pr√™t,INTP,I,N,T,P
614,356125223436681216,omss,j'en ai pas faut bien trouver un autre moyen pour flex üòÇ,INTP,I,N,T,P
616,356125223436681216,omss,"y avait des geforce 3070 Ti, un peu trop cher pour moi",INTP,I,N,T,P
617,356125223436681216,omss,ouais pareil c'est pour le travail ü§•,INTP,I,N,T,P
618,356125223436681216,omss,bon app et bonne soir√©e :p,INTP,I,N,T,P
619,691972678365610056,.catsarecute,"Hello √† tous J'ai une petite question Est-ce que vous savez quelles sont les notes attendues par la commission p√©dagogique pour les √©tudiants √©trangers qui veulent s'inscrire en L1 info √† Descartes ? Et aussi, qui fait partie de cette commission ?",INTJ,I,N,T,J
620,281724742547800065,thenewservant,les deux derniers sont incorrects je crois :),INTP,I,N,T,P
621,691972678365610056,.catsarecute,Merci beaucoup !,INTJ,I,N,T,J
622,190577761759264768,spicycactus,"@everyone Hello √† tous, d√©sol√©e de vous d√©ranger mais si vous avez 5 minutes, √ßa serait fort sympa de r√©pondre √† ce questionnaire : ",INTJ,I,N,T,J
623,691972678365610056,.catsarecute,"Petite question : est-ce que vous avez des cousins, fr√®res, soeurs ou des amis qui ont postul√© pour la L1 maths info √† Descartes et qui ont commenc√© √† avoir des r√©ponses ? Non, c'est via campus France ! Merci pour la pr√©cision",INTJ,I,N,T,J
624,287991042609774593,nicozoro,what no @user mad !socialgraph,INTP,I,N,T,P
625,383235622510264331,jb_.h,!help,INTP,I,N,T,P
626,383235622510264331,jb_.h,ah oui merci üòÖ !help !importance !socialgraph !help socialgraph c'est normal qu'il n'y ait pas mon pseudo du coup ? üëÄ,INTP,I,N,T,P
627,383235622510264331,jb_.h,!socialgraph @user,INTP,I,N,T,P
628,383235622510264331,jb_.h,il m'aime pas je crois xD,INTP,I,N,T,P
629,383235622510264331,jb_.h,üòÇ j'existe pas √† ses yeux je crois,INTP,I,N,T,P
630,383235622510264331,jb_.h,on a tout cass√© xD,INTP,I,N,T,P
631,383235622510264331,jb_.h,!socialgraph,INTP,I,N,T,P
632,383235622510264331,jb_.h,c'est g√©nial votre projet üëÄ vous l'avez fait en python ?,INTP,I,N,T,P
633,383235622510264331,jb_.h,!help importance,INTP,I,N,T,P
634,383235622510264331,jb_.h,!mood,INTP,I,N,T,P
635,383235622510264331,jb_.h,!importance,INTP,I,N,T,P
636,383235622510264331,jb_.h,!socialgraph,INTP,I,N,T,P
637,287991042609774593,nicozoro,cela arrive !socialgraph,INTP,I,N,T,P
641,383235622510264331,jb_.h,!mood je suis √©nerv√© hahaha !mood !help !help tldr !tldr,INTP,I,N,T,P
642,287991042609774593,nicozoro,:' ),INTP,I,N,T,P
643,383235622510264331,jb_.h,xD,INTP,I,N,T,P
644,287991042609774593,nicozoro,yes,INTP,I,N,T,P
665,383235622510264331,jb_.h,!mood !socialgraph,INTP,I,N,T,P
666,383235622510264331,jb_.h,!moods,INTP,I,N,T,P
667,383235622510264331,jb_.h,wow !! !mood,INTP,I,N,T,P
668,383235622510264331,jb_.h,il va √™tre public ce bot apr√®s ?,INTP,I,N,T,P
669,383235622510264331,jb_.h,il pourrait int√©resser beaucoup de personnes je pense xD,INTP,I,N,T,P
670,383235622510264331,jb_.h,!mood,INTP,I,N,T,P
671,383235622510264331,jb_.h,üòÇ,INTP,I,N,T,P
672,383235622510264331,jb_.h,!moderatesettings banword print,INTP,I,N,T,P
673,383235622510264331,jb_.h,√ßa a une signification la couleur des ronds ?,INTP,I,N,T,P
674,383235622510264331,jb_.h,il fait autant de requ√™tes que √ßa le bot ? apr√®s √ßa fait un moment que j'ai pas touch√© √† l'api discord xD,INTP,I,N,T,P
675,383235622510264331,jb_.h,ah oui d'accord,INTP,I,N,T,P
676,383235622510264331,jb_.h,it's funny !!!,INTP,I,N,T,P
677,383235622510264331,jb_.h,ah d'accord !!!,INTP,I,N,T,P
678,383235622510264331,jb_.h,me too,INTP,I,N,T,P
679,383235622510264331,jb_.h,!tldr !help tldr,INTP,I,N,T,P
687,383235622510264331,jb_.h,!mood,INTP,I,N,T,P
688,234660936999370753,pierrea.,C‚Äôest quoi √ßa,INFP,I,N,F,P
689,281724742547800065,thenewservant,!socialgraph ayaaa,INTP,I,N,T,P
690,234660936999370753,pierrea.,J‚Äôadore le concept T‚Äôexiste encore toi?,INFP,I,N,F,P
691,281724742547800065,thenewservant,je suis un ectoplasme,INTP,I,N,T,P
692,234660936999370753,pierrea.,!socialgraph @user !help socialgraph,INFP,I,N,F,P
694,234660936999370753,pierrea.,bien et toi,INFP,I,N,F,P
695,234660936999370753,pierrea.,je sais pas du tout,INFP,I,N,F,P
696,234660936999370753,pierrea.,je suis seul au monde une singularit√©,INFP,I,N,F,P
697,190577761759264768,spicycactus,c'est memesque franchement,INTJ,I,N,T,J
699,190577761759264768,spicycactus,!importance,INTJ,I,N,T,J
700,281724742547800065,thenewservant,!importance je vais devoir spammer dans ce cas? hmm..,INTP,I,N,T,P
701,691972678365610056,.catsarecute,!socialgraph !importance !tldrsettings,INTJ,I,N,T,J
703,281724742547800065,thenewservant,!importance,INTP,I,N,T,P
705,415111180676366341,john020203,T en a pas fait en tp de chimie au lyc√©e?,ISFJ,I,S,F,J
706,415111180676366341,john020203,Oui,ISFJ,I,S,F,J
707,415111180676366341,john020203,Il faudra une grande quantit√© alorsüòÇ,ISFJ,I,S,F,J
708,415111180676366341,john020203,√áa sera pas 1.50‚Ç¨ la pi√®ce je pense,ISFJ,I,S,F,J
709,415111180676366341,john020203,üòÇ Oui tr√®s rentable,ISFJ,I,S,F,J
710,415111180676366341,john020203,Ct quoi comme brioche ?,ISFJ,I,S,F,J
711,415111180676366341,john020203,Ouais,ISFJ,I,S,F,J
712,415111180676366341,john020203,Pk t as arr√™t√© le jap?,ISFJ,I,S,F,J
713,415111180676366341,john020203,Okok,ISFJ,I,S,F,J
714,415111180676366341,john020203,Tu as les agences de voyages ou traducteurs,ISFJ,I,S,F,J
715,415111180676366341,john020203,T as quand m√™me tjs l'objectif d aller au Japon üòÇ,ISFJ,I,S,F,J
716,415111180676366341,john020203,J ai une pr√©f√©rence pour le karaage au katsudon donc je dis pas non,ISFJ,I,S,F,J
717,415111180676366341,john020203,Je ne peux que t encourager √† faire ce que tu aimes,ISFJ,I,S,F,J
718,415111180676366341,john020203,Si tu veux des cobayes pour tester la nourriture aussi,ISFJ,I,S,F,J
719,415111180676366341,john020203,J'en ai fais dimanche dernier ct long x),ISFJ,I,S,F,J
720,415111180676366341,john020203,La technique est incroyable,ISFJ,I,S,F,J
721,415111180676366341,john020203,Ouais Apres la questions c tu fais en soupe ou grill√© ?,ISFJ,I,S,F,J
722,415111180676366341,john020203,J'ai jamais go√ªt√© porc crevette J prefere au porc perso,ISFJ,I,S,F,J
723,415111180676366341,john020203,üòÇ,ISFJ,I,S,F,J
724,415111180676366341,john020203,3j? T'en a fais pour cb de personnes ?üòÇ,ISFJ,I,S,F,J
725,415111180676366341,john020203,Okok mais quand m√™me 3j,ISFJ,I,S,F,J
726,705361796785111071,quentin.chz,O√π sont les meilleurs tenders de Paris svp ???? Je viens d‚Äôarriver ,ENTJ,E,N,T,J
727,415111180676366341,john020203,Passage choiseul vers Op√©ra?,ISFJ,I,S,F,J
729,705361796785111071,quentin.chz,N‚Äôoubliez pas votre roulette royale tout les mois üòâ Je peux trade des couronnes BK contre des Vbucks pour les int√©ress√©,ENTJ,E,N,T,J
730,234660936999370753,pierrea.,!mood @user huh,INFP,I,N,F,P
731,234660936999370753,pierrea.,j'ai voulu tester cette comande,INFP,I,N,F,P
732,234660936999370753,pierrea.,mais le bot fait dodo i guess,INFP,I,N,F,P
733,415111180676366341,john020203,J'ai mang√© hier midi ceux que j'ai fais dimanche et ct bon,ISFJ,I,S,F,J
734,190577761759264768,spicycactus,"Je suis tomb√©e sur √ßa, c'est plut√¥t sympa: ",INTJ,I,N,T,J
737,492775668292124712,vten,"üò¶ Malheureusement de Descartes non, je pense qu'ils favorisent leur propre √©tudiant (comme toute les universit√©s)",ESFJ,E,S,F,J
738,190577761759264768,spicycactus,"Bonjour, Je suis actuellement en L3 MIAGE. J'aimerais savoir comment √ßa s'est pass√© pour trouver un stage en licence (sur quels sites tu as postul√©, etc)",INTJ,I,N,T,J
739,190577761759264768,spicycactus,"Merci pour ta r√©ponse rapide et compl√®te! A vrai dire on a pas encore beaucoup d'infos pour les stages encore, mais je voulais m'y prendre plus t√¥t :)",INTJ,I,N,T,J
740,190577761759264768,spicycactus,"Pourquoi as-tu choisi de faire 42, et pas par exemple travailler juste sur des sites types Leetcode... etc, vu que Leetcode fonctionne √©galement surtout par commu? Ca te pla√Æt ?",INTJ,I,N,T,J
741,691972678365610056,.catsarecute,@everyone merci pour vos super t√©moignages. Je ne savais pas qu'il y avait tant de parcours possibles. C'est vraiment super int√©ressant et √ßa aide beaucoup la petite L3 perdue que je suis üòÜ  Et merci beaucoup @user pour l'initiative,INTJ,I,N,T,J
742,190577761759264768,spicycactus,"Vous pouvez cr√©er un channel liens qui est verouill√© pour tout le monde (ils peuvent pas √©crire mais peuvent lire), c'est plus facile pour ajouter des messages d'affil√© Discord limite le nombre de caract√®res par message, donc le pin rendrait l'update un peu compliqu√©",INTJ,I,N,T,J
743,190577761759264768,spicycactus,"Et si vous en avez besoin, clic droit + ""create category"" permet de mieux s√©parer les diff√©rents chans",INTJ,I,N,T,J
744,190577761759264768,spicycactus,"Vous pouvez me demander si besoin (?) Je g√®re souvent des serveurs discord pour mes hobbys",INTJ,I,N,T,J
745,190577761759264768,spicycactus,"Pour ceux en master, en particulier qui ont un parcours MIAGE ou Data, c'est dur de trouver une alternance? J'avais cru que √ßa ne serait pas trop compliqu√© car je vois pleins d'offres, mais apparemment les recruteurs pr√©f√®rent les √©coles d'ing√© au point que √ßa serait difficile d'en trouver un? Pour √™tre honn√™te je vise les facs parisiennes (√† ma connaissance donc, Dauphine, Sorbonne et Descartes du coup). Merci de ta r√©ponse :)",INTJ,I,N,T,J
747,190577761759264768,spicycactus,nan √ßa d√©pend par fac en g√©n√©ral parfois m√™me par UFR,INTJ,I,N,T,J
748,190577761759264768,spicycactus,Mais je crois de toute mani√®re on est pas s√ªre qu'il y'ait traitement de donn√©es cette ann√©e (sans r√©ponse de la scola pour l'instant je crois),INTJ,I,N,T,J
749,190577761759264768,spicycactus,Vous aurez les premiers testeurs pour vous raconter en L3 :p,INTJ,I,N,T,J
750,190577761759264768,spicycactus,C'est bonus si c'est avec vous alors /o/,INTJ,I,N,T,J
751,190577761759264768,spicycactus,Y'a ECTS si tu veux sur mondossier Mais pas les notes exacts,INTJ,I,N,T,J
752,190577761759264768,spicycactus,"Normalement oui, on a des X/6 et X/30 affich√©s mais apparemment y'a des erreurs chaque ann√©e donc c'est pas 100% s√ªr",INTJ,I,N,T,J
753,190577761759264768,spicycactus,C'est parti pour les stats discr√®tesss,INTJ,I,N,T,J
754,190577761759264768,spicycactus,"En vrai je ne sais pas, j'ai pas fait de maths depuis la L1. Mais j'en entends souvent parl√© avec l'info",INTJ,I,N,T,J
755,190577761759264768,spicycactus,Exactement lol,INTJ,I,N,T,J
756,691972678365610056,.catsarecute,Il y a un autre master qui est nouveau aussi R√©seaux et Syst√®mes Quelque chose,INTJ,I,N,T,J
757,691972678365610056,.catsarecute,Automatis√© peut-√™tre,INTJ,I,N,T,J
758,691972678365610056,.catsarecute,Aaaaah,INTJ,I,N,T,J
761,234660936999370753,pierrea.,Pour DCI : mourad.ouziri@parisdescartes.fr et salima.benbernou@u-paris.fr nope Euh je crois oui mais je ne suis pas sur,INFP,I,N,F,P
762,190577761759264768,spicycactus,"Coucou ! Je suis actuellement en alternance s√©cu √† BNPP, cependant j'ai un poste qui est plus orient√© vers la gestion qu'un poste technique/devsec. Je te laisse poser tes questions si √ßa t'int√©resses :)",INTJ,I,N,T,J
764,190577761759264768,spicycactus,"Dans ce cas l√†, bosse bien ton CV, mets en avant tes projets ou ton int√©r√™t perso en s√©cu (rootme, mooc..) et √ßa devrait bien se passer. Je peux comprendre pour le stage, je sais que dans ma promo c'√©tait assez dur d'en trouver un",INTJ,I,N,T,J
766,691972678365610056,.catsarecute,"Faire au mieux. Postulez partout. Ne pas s'attendre √† des missions super int√©ressantes si on n'a aucun background s√©cu. Les entreprises m√™me si elle doivent former et guider en parall√®le du cursus universitaire cherchent quelqu'un de d√©j√† ""pr√™t""",INTJ,I,N,T,J
768,192439196139520002,meftly,Merci!,ISFP,I,S,F,P
770,190577761759264768,spicycactus,"la double comp√©tence √ßa correspond plus √† un double master ou un truc du genre.La miage √©tant divis√© 50/50, tu vas forc√©ment perdre du temps en dev pour du temps en gestion/autre",INTJ,I,N,T,J
771,190577761759264768,spicycactus,"Parce que la MIAGE, a encore une fois, historiquement √©t√© orient√© pour les m√©tiers de chef de projet / etc **informatique**. Quelqu'un qui conna√Æt les bases de gestions, mais qui a quand m√™me un peu coder pour pas √™tre totalement hors-sol dans des projets logiciels.",INTJ,I,N,T,J
772,190577761759264768,spicycactus,ü•π,INTJ,I,N,T,J
773,190577761759264768,spicycactus,Ou de faire un truc + 42,INTJ,I,N,T,J
774,192439196139520002,meftly,"y'a-t-il des personnes au MIAGE web de Saclay √† Evry ici, ou peut √™tre quelqu'un que vous connaissez  ?",ISFP,I,S,F,P
775,281724742547800065,thenewservant,c'est quoi la diff entre NJ et NK je connais pas ces termes NK inclue l'usage du tiers-exclu c'est √ßa ?,INTP,I,N,T,P
776,738119892682670112,nebulosis.,"Bonsoir ! Est-ce que quelqu'un ici envisagerait de tenter un concours d'entr√©e d'une √©cole d'ing√© ?",INFP,I,N,F,P
777,738119892682670112,nebulosis.,"Justement,  celles que je vise se font sur concours et c'est des gens qui ont fait de la pr√©pa qui le passent, je me demandais si √ßa se ""tentait"" avec mon niveau de L3 Mais merci je vais me renseigner sur les admissions sur dossier",INFP,I,N,F,P
778,738119892682670112,nebulosis.,Supelec aussi ?,INFP,I,N,F,P
779,281724742547800065,thenewservant,"oui je peux te parler du concours ""pass'ing√©"", tr√®s peu connu (je l'ai pass√© il y a un peu moins de deux ans) sinon tu as le classique GEI-UNIV avec GEI tu as acc√®s √† l'enac/CS/ polytechnique / grandes mines, mais tu dois avoir un bagage en physique par contre passe ing√© te permet d'acc√©der aux √©coles un peu plus sp√©cialis√©es en info, style l'ENSEEIHT ou L'ENSEIRB de bordeaux et oui d'ailleurs, c'est dommage (ou avantageux üôÇ ) mais tr√®s peu de monde sont au courant / passent ces concours, si tu es d√©ter tu pourras avoir une √©cole.",INTP,I,N,T,P
780,492775668292124712,vten,C'est quoi la question ? üòÆ @user,ESFJ,E,S,F,J
781,492775668292124712,vten,"Yes exact MSI P10 Euuuh description üòÖ  si y'a des gens int√©ress√© c'est mieux que je puisse call, comme √ßa cession question/r√©ponse en direct x)",ESFJ,E,S,F,J
782,492775668292124712,vten,ü§£  J'esp√®re que c'est pas un vouvoiement envers moi Je veux rester jeune üëÄ Tu veux int√©grer directement en M2 ? Je sais pas si √ßa se fait √ßa par contre ü§î Il me semble que la responsable a toujours dit qu'il faut passer par la case M1 Jpense c'est m√™me √©crit sur la page du master xd Jpense que y'a toujours des exceptions x) ,ESFJ,E,S,F,J
787,234660936999370753,pierrea.,team iphone ici,INFP,I,N,F,P
788,234660936999370753,pierrea.,fa√Ætes pas d'√©tudes √ßa m√®ne √† rien,INFP,I,N,F,P
789,381174118604603395,jvdmb93,"Bonsoir, je voudrais bien un conseil pour les projets de L3. Est-il mieux de choisir un projet o√π nous devons am√©liorer un projet d√©j√† existant, ou alors de d√©velopper le projet de A √† Z ? J'aimerais bien vos avis svp",ISFP,I,S,F,P
790,381174118604603395,jvdmb93,Okay merci car j'ai peur que de faire un projet de A √† Z et que cela soit beaucoup plus compliqu√© surtout que j'ai une pr√©f√©rence pour d√©velopper le projet en entier,ISFP,I,S,F,P
791,381174118604603395,jvdmb93,les projet avec app mobile sont sympas ?,ISFP,I,S,F,P
792,381174118604603395,jvdmb93,oui √ßa me plait ou alors celui avec le matching j'aime bien,ISFP,I,S,F,P
793,381174118604603395,jvdmb93,t'inqui√®te pas il est connu dans le milieu pour faire des ravages mdr,ISFP,I,S,F,P
794,381174118604603395,jvdmb93,nous dis pas √ßa mdrr √ßa m'inqui√®te parce que je n'arrive pas √† me dire qu'il y'a pire que le S5 pour moi c'est impossible,ISFP,I,S,F,P
795,381174118604603395,jvdmb93,PTDR mais t'es un g√©nie √ßa compte pas,ISFP,I,S,F,P
796,381174118604603395,jvdmb93,mais en S5 y'a beaucoup de travail √† la maison quand m√™me je trouve,ISFP,I,S,F,P
797,381174118604603395,jvdmb93,"avec les projets en prog, BDDA, les comptes rendus d'algo sur feuille, les TP √† faire en algo, le projet d'algo, et en r√©seaux on avait un prof qui expliquait super mal fallait tout refaire chez nous et y'avait aussi les comptes rendu de g√©nieLog",ISFP,I,S,F,P
798,381174118604603395,jvdmb93,t'avais eut combien en projet de prog ?,ISFP,I,S,F,P
799,381174118604603395,jvdmb93,tfa√ßon le projet de prog c'est du scam on s'est but√© √† faire un javaFX pour qu'au final il le prenne m√™me pas en compte dans la notation,ISFP,I,S,F,P
800,381174118604603395,jvdmb93,bah on a demand√© si faire un javafx √ßa fait des petits points bonus il a dit que oui mais au final nn,ISFP,I,S,F,P
801,381174118604603395,jvdmb93,pour les TP ou les TD ?,ISFP,I,S,F,P
802,234660936999370753,pierrea.,avis sur mon rapport que jfais en latex??,INFP,I,N,F,P
803,234660936999370753,pierrea.,#fairedeloptiaminuitcpasunevie,INFP,I,N,F,P
804,234660936999370753,pierrea.,en vrai j'aurai aim√© utilis√© latex + t√¥t,INFP,I,N,F,P
805,234660936999370753,pierrea.,genre commenc√© en L3 √ßa aurait pu porter de fou notre rapport,INFP,I,N,F,P
806,234660936999370753,pierrea.,mrc mrc en vrai cet exo est simple par contre y'en a un autre qui me donne + de mal,INFP,I,N,F,P
807,234660936999370753,pierrea.,mdrr,INFP,I,N,F,P
808,234660936999370753,pierrea.,orf,INFP,I,N,F,P
809,381174118604603395,jvdmb93,"Et derni√®re petite question par rapport au projet de L3, est ce qu‚Äôen g√©n√©ral les projets orient√©s IA sont bien ? J‚Äôaimerais bien quelques avis svp merci d‚Äôavance",ISFP,I,S,F,P
810,381174118604603395,jvdmb93,Ce type de projet ou alors votre projet √† vous sont interessants,ISFP,I,S,F,P
811,689466297553256450,yafawra,*(je comptais prendre ü•≤ )*,ISTP,I,S,T,P
812,689466297553256450,yafawra,ils √©taient 4 en physique apparement (√† aller en cours) :') mais ils s'attendaient peut-√™tre √† plus que √ßa. Mais c'est juste vraiment dommage quand m√™me d'avoir aucune possibilit√© de choisir une UE math√©matiques en Info sans faire double licence ://,ISTP,I,S,T,P
813,689466297553256450,yafawra,"si je peux venir pour le master √ßa serait incroyable haha,, mais je doute qu'ils voudront de moi avec mes notes malheureusement :')",ISTP,I,S,T,P
814,689466297553256450,yafawra,j'ai que mes notes L1 pour l'instant mais c'est vraiment limite si je redoublais pas mon ann√©e tbh,ISTP,I,S,T,P
815,689466297553256450,yafawra,si seulement c'√©tait que √ßa :')) apr√®s j'ai eu pas mal de choses du c√¥t√© personnel √† g√©rer pendant ma L1 et √ßa se voit dans mes r√©sultats (et mes rares pr√©sences en cours) malheureusement. Je pense pas que la physique √©tait si horrible que √ßa sans ce facteur tbh,ISTP,I,S,T,P
816,689466297553256450,yafawra,"je connais pas √ßa üò≠ je suis arriv√©e plus de 2 semaines en retard aux premiers cours de l'ann√©e, donc CBI c'√©tait d√©j√† pass√©, √ßa s'est fait √† l'improvisation hahaha :')",ISTP,I,S,T,P
817,689466297553256450,yafawra,"si jamais on n'est pas admis, est ce qu'il y a un moyen de pouvoir avoir ses chances l'ann√©e d'apr√®s √©ventuellement ? ://",ISTP,I,S,T,P
818,689466297553256450,yafawra,"mhh ma question c'√©tait plutot si quelque chose peut √™tre fait pendant l'ann√©e en attendant de retenter, qui donnerait plus de chances √† la deuxi√®me candidature. Etant donn√© que je me doute bien qu'en envoyant exactement le m√™me dossier, √ßa ne changera pas le r√©sultat",ISTP,I,S,T,P
819,689466297553256450,yafawra,mh okay merci :)),ISTP,I,S,T,P
820,281724742547800065,thenewservant,si tu veux integrer une ecole d'inge sur concours (maths infos sans physique) ca peut se faire üëÄ,INTP,I,N,T,P
821,234660936999370753,pierrea.,trql cravache et tu vas r√©ussir un bouffon comme moi √† pu avoir un master !!,INFP,I,N,F,P
822,691972678365610056,.catsarecute,"Si vous avez besoin de conseils pour avoir de bonnes notes, je peux aider J'ai master l'art d'avoir des bonnes notes (ce que je veux dire par l√† c'est que je connais la bonne strat√©gie pour √† peu pr√®s toutes les mati√®res si √ßa n'a pas trop chang√© depuis deux ans :)) (Je rattrape des anciens messages donc mes r√©ponses sont en d√©calage avec les plus r√©cents) Et dire que j'avais la moyenne au bac pour y aller :') Mais malheureusement ils n'ont pas beaucoup de sp√© :/ Je crois qu'il y a juste dev et ia en sp√© Mais je me trompe peut-√™tre, mes infos sont un peu vieilles Ah thanks, j'avais vraiment des infos peu fiables mdr Je m√©lange peut-√™tre avec une autre √©cole Des grands tar√©s mdr Je ne dis pas le contraire Juste c'est vraiment intense 10 mati√®res x) C'est juste qu'avec le temps et l'exp√©rience, tu te rends compte que ce n'est pas la peine de bourrer le cr√¢ne des √©tudiants comme √ßa Pour moi √ßa c'est un peu absurde pour le coup",INTJ,I,N,T,J
823,691972678365610056,.catsarecute,M1 MSI (master s√©curit√© informatique en alternance) Sorbonne Universit√© :),INTJ,I,N,T,J
824,234660936999370753,pierrea.,M1 DCI (Donn√©es Connaissances Intelligence) Paris Cit√©,INFP,I,N,F,P
825,381174118604603395,jvdmb93,Mais personne sait c'est quoi R√©sa Projet ?,ISFP,I,S,F,P
826,234660936999370753,pierrea.,je recommande aussi,INFP,I,N,F,P
827,381174118604603395,jvdmb93,Ah oui exactement √ßa me para√Æt logique maintenant merci !,ISFP,I,S,F,P
828,234660936999370753,pierrea.,et DCI paradis ? (lol),INFP,I,N,F,P
829,234660936999370753,pierrea.,reasoning and artificial intelligence,INFP,I,N,F,P
831,691972678365610056,.catsarecute,Oui !!!! 100%,INTJ,I,N,T,J
832,415111180676366341,john020203,Nb √©l√®ves,ISFJ,I,S,F,J
833,234660936999370753,pierrea.,Quelqu'un connait une bonne m√©thode pour trouver un sujet de th√®se : '),INFP,I,N,F,P
